<record><header><identifier>oai:tms.ycba.yale.edu:105</identifier>
<datestamp>2012-01-23</datestamp>
<setSpec>ycba:ps</setSpec>
</header>
<metadata>
<lido:lido 
 xmlns:lido="http://www.lido-schema.org" 
 xmlns:xsi="http://www.w3.org/2001/XMLSchema-instance" 
 xmlns:gml="http://www.opengis.net/gml"
 xsi:schemaLocation="http://www.lido-schema.org http://www.lido-schema.org/schema/v1.0/lido-v1.0.xsd">
 
    
    <lido:lidoRecID lido:source="Yale Center for British Art" lido:type="local">YCBA/lido-TMS-105</lido:lidoRecID>
 <lido:category> 
  <lido:conceptID lido:type="URI">http://www.cidoc-crm.org/crm-concepts/E22</lido:conceptID>
        <lido:term xml:lang="eng">Man-Made Object</lido:term>
    </lido:category>
 
 
 <lido:descriptiveMetadata xml:lang="eng">
 
  
  <lido:objectClassificationWrap>
  
   <lido:objectWorkTypeWrap> 
    
    <lido:objectWorkType>
     <lido:conceptID lido:type="Object name"/>
     <lido:term>painting</lido:term>
 
    </lido:objectWorkType>
    
    <lido:objectWorkType>
     <lido:conceptID lido:type="Genre"/>
     <lido:term>abstract art</lido:term>
 
    </lido:objectWorkType>
    
   </lido:objectWorkTypeWrap>
 
   
   <lido:classificationWrap>
   
    <lido:classification lido:type="local">
     <lido:term>Painting</lido:term>
    </lido:classification>
   
   </lido:classificationWrap>
 
  
  </lido:objectClassificationWrap>
  
  
  
  <lido:objectIdentificationWrap>
  
   <lido:titleWrap>
   
    <lido:titleSet lido:type="Repository title"> 
     <lido:appellationValue lido:pref="preferred" xml:lang="eng">Apotheosis</lido:appellationValue>
 
    </lido:titleSet>
   
    <lido:titleSet lido:type="(not entered)"> 
     <lido:appellationValue lido:pref="alternate" xml:lang="eng">Desert Storm</lido:appellationValue>
 
    </lido:titleSet>
    
   </lido:titleWrap>
  
   
   <lido:inscriptionsWrap> 
                <lido:inscriptions lido:type="Inscription">
                    <lido:inscriptionTranscription>No inscription</lido:inscriptionTranscription>
                </lido:inscriptions>
                <lido:inscriptions lido:type="Marks">
                    <lido:inscriptionTranscription></lido:inscriptionTranscription>
                </lido:inscriptions>
    <lido:inscriptions lido:type="Lettering">
                    <lido:inscriptionTranscription></lido:inscriptionTranscription>
                </lido:inscriptions>
                <lido:inscriptions lido:type="Signed and Dated">
                    <lido:inscriptionTranscription>Signed and dated, lower right: "Nolan | 53"</lido:inscriptionTranscription>
                </lido:inscriptions>
            </lido:inscriptionsWrap>
   
            
            <lido:repositoryWrap>
    
                <lido:repositorySet lido:type="current">
                    
                    <lido:repositoryName>
                        <lido:legalBodyName>
                            <lido:appellationValue>Yale Center for British Art</lido:appellationValue>
                        </lido:legalBodyName>
                    </lido:repositoryName>
                    <lido:workID lido:type="inventory number">B1997.4</lido:workID>
     
                    
                 <lido:repositoryLocation>
    
     
     
     
      <lido:partOfPlace>
       <lido:namePlaceSet>
        <lido:appellationValue lido:label="SubSite">Not on View</lido:appellationValue>
  
       </lido:namePlaceSet>
       <lido:gml>            
        <gml:Point>
         <gml:coordinates></gml:coordinates>
        </gml:Point>
       </lido:gml>
      </lido:partOfPlace>
      
      <lido:partOfPlace>
       <lido:namePlaceSet>
        <lido:appellationValue lido:label="Site">YCBA</lido:appellationValue>
  
       </lido:namePlaceSet>
       <lido:gml>            
        <gml:Point>
         <gml:coordinates></gml:coordinates>
        </gml:Point>
       </lido:gml>
      </lido:partOfPlace>
       
       
      <lido:partOfPlace>
       <lido:placeID lido:source="TGN" lido:type="Geo location">tgn7014210</lido:placeID>
       <lido:namePlaceSet>
        <lido:appellationValue>New Haven</lido:appellationValue>
           
       </lido:namePlaceSet>
       <lido:gml>            
        <gml:Point>
         <gml:coordinates>41.3000, -72.9160</gml:coordinates>
        </gml:Point>
       </lido:gml>
      </lido:partOfPlace>
   
                    </lido:repositoryLocation>
    
                </lido:repositorySet>
    
       </lido:repositoryWrap>
   
            <lido:displayStateEditionWrap>
    
    
    
            </lido:displayStateEditionWrap>
           <lido:objectDescriptionWrap> 
    <lido:objectDescriptionSet>     
   
     </lido:objectDescriptionSet>
   </lido:objectDescriptionWrap>
   
   
            <lido:objectMeasurementsWrap>
    
                <lido:objectMeasurementsSet>
                    <lido:displayObjectMeasurements>36 x 48 inches (91.4 x 121.9 cm)</lido:displayObjectMeasurements>
     <lido:objectMeasurements>
     
      <lido:measurementsSet>
       <lido:measurementType>height</lido:measurementType>
       <lido:measurementUnit> cm</lido:measurementUnit>
  
            
       <lido:measurementValue>91.4</lido:measurementValue>
      </lido:measurementsSet>
     
      <lido:measurementsSet>
       <lido:measurementType>width</lido:measurementType>
       <lido:measurementUnit> cm</lido:measurementUnit>
  
            
       <lido:measurementValue>121.9</lido:measurementValue>
      </lido:measurementsSet>
     
      <lido:extentMeasurements>Support (PTG)</lido:extentMeasurements>
                                   
      <lido:qualifierMeasurements></lido:qualifierMeasurements>
 
      
     
     
     </lido:objectMeasurements>
    </lido:objectMeasurementsSet>
            </lido:objectMeasurementsWrap>
   
   
  </lido:objectIdentificationWrap>
  
  
  <lido:eventWrap>
   <lido:eventSet>
    <lido:event>
     <lido:eventType>
      <lido:term>creation</lido:term>
                    </lido:eventType>
     
     <lido:eventActor>
     
     
                        
      
       
       
      
       
        <lido:displayActorInRole>Sir Sidney Nolan, 1917-1992, Australian, active in Britain (from 1955)</lido:displayActorInRole>
       
       
       
       
                           
      
     
       
      
     
      <lido:actorInRole>
                            <lido:actor lido:type="personalName"> 
                   <lido:actorID lido:source="Oxford Dictionary of National Biography" lido:type="local">
        </lido:actorID>
  
           
                        
       <lido:nameActorSet>
                  
                                    <lido:appellationValue lido:pref="alternate">Sidney Robert Nolan</lido:appellationValue>
                  
                                    <lido:appellationValue lido:pref="alternate">Sidney Robert Nolan</lido:appellationValue>
                  
                                    <lido:appellationValue lido:pref="alternate">Sir Sidney Robert Nolan</lido:appellationValue>
                  
                                    <lido:appellationValue lido:pref="alternate">Sir Sidney Robert Nolan</lido:appellationValue>
                  
                                    <lido:appellationValue lido:pref="alternate">Sir Nolan</lido:appellationValue>
                  
                                    <lido:appellationValue lido:pref="preferred">Sir Sidney Nolan</lido:appellationValue>
        
       </lido:nameActorSet>
        
        
        
                                <lido:nationalityActor>
                                    <lido:term>Australian, active in Britain (from 1955)</lido:term>
                                </lido:nationalityActor>
        
                                <lido:vitalDatesActor>
                                    <lido:earliestDate lido:type="estimatedDate">1917</lido:earliestDate>
                                    <lido:latestDate lido:type="estimatedDate">1992</lido:latestDate>
                                </lido:vitalDatesActor>
          
                                <lido:genderActor>male</lido:genderActor>
        
 
                            </lido:actor>
      
        
       <lido:roleActor>
        <lido:conceptID lido:type="object related role"></lido:conceptID>
        <lido:term>Artist</lido:term>
       </lido:roleActor>
       
       
        
       <lido:roleActor>
        <lido:conceptID lido:source="AAT" lido:type="Life role">aat25103</lido:conceptID>
        <lido:term>artist</lido:term>
       </lido:roleActor>
        
       <lido:roleActor>
        <lido:conceptID lido:source="AAT" lido:type="Life role">aat25181</lido:conceptID>
        <lido:term>sculptor</lido:term>
       </lido:roleActor>
        
       <lido:roleActor>
        <lido:conceptID lido:source="AAT" lido:type="Life role">aat25164</lido:conceptID>
        <lido:term>printmaker</lido:term>
       </lido:roleActor>
        
       <lido:roleActor>
        <lido:conceptID lido:source="AAT" lido:type="Life role">aat112172</lido:conceptID>
        <lido:term>draftsman (artist)</lido:term>
       </lido:roleActor>
        
       <lido:roleActor>
        <lido:conceptID lido:source="AAT" lido:type="Life role">aat25136</lido:conceptID>
        <lido:term>painter</lido:term>
       </lido:roleActor>
        
       <lido:roleActor>
        <lido:conceptID lido:source="AAT" lido:type="Life role">aat25681</lido:conceptID>
        <lido:term>scenographer</lido:term>
       </lido:roleActor>
        
       <lido:roleActor>
        <lido:conceptID lido:source="AAT" lido:type="Life role">aat25123</lido:conceptID>
        <lido:term>graphic artist</lido:term>
       </lido:roleActor>
      
      
      
       <lido:attributionQualifierActor></lido:attributionQualifierActor>
 
      
      
       <lido:extentActor></lido:extentActor>
 
       
       
      </lido:actorInRole>
     </lido:eventActor>
            
        
        
     
     <lido:culture>
     
      <lido:term></lido:term>
                    
     </lido:culture>
      
     
   
     
                    <lido:eventDate>
                        <lido:displayDate>1953</lido:displayDate>
                        <lido:date>
                            <lido:earliestDate>1953</lido:earliestDate>
                            <lido:latestDate>1953</lido:latestDate>
                        </lido:date>
                    </lido:eventDate>
                    
                    <lido:periodName>
                        <lido:term>20th century</lido:term>
 
                    </lido:periodName>
     
       
           
     
     <lido:eventPlace lido:type="Place of Activity"> 
      <lido:displayPlace>New York</lido:displayPlace>
       <lido:place>
       <lido:namePlaceSet> 
         <lido:appellationValue>New York</lido:appellationValue>
       </lido:namePlaceSet>
      
       <lido:gml> 
                               <gml:Point> 
                                    <gml:coordinates>40.7000, -74.0000</gml:coordinates>
 
                                </gml:Point>
 
                            </lido:gml>
 
       
       <lido:placeClassification>
                                <lido:conceptID lido:source="TGN" lido:type="Place of Activity">tgn7007567</lido:conceptID>
                            </lido:placeClassification>
       
       </lido:place>
      </lido:eventPlace>
     
     <lido:eventPlace lido:type="Place of Activity"> 
      <lido:displayPlace>Hydra</lido:displayPlace>
       <lido:place>
       <lido:namePlaceSet> 
         <lido:appellationValue>Hydra</lido:appellationValue>
       </lido:namePlaceSet>
      
       <lido:gml> 
                               <gml:Point> 
                                    <gml:coordinates>0.0000, 0.0000</gml:coordinates>
 
                                </gml:Point>
 
                            </lido:gml>
 
       
       <lido:placeClassification>
                                <lido:conceptID lido:source="TGN" lido:type="Place of Activity">tgn1006134</lido:conceptID>
                            </lido:placeClassification>
       
       </lido:place>
      </lido:eventPlace>
     
     <lido:eventPlace lido:type="Place of Activity"> 
      <lido:displayPlace>Italy</lido:displayPlace>
       <lido:place>
       <lido:namePlaceSet> 
         <lido:appellationValue>Italy</lido:appellationValue>
       </lido:namePlaceSet>
      
       <lido:gml> 
                               <gml:Point> 
                                    <gml:coordinates>42.8330, 12.8330</gml:coordinates>
 
                                </gml:Point>
 
                            </lido:gml>
 
       
       <lido:placeClassification>
                                <lido:conceptID lido:source="TGN" lido:type="Place of Activity">tgn1000080</lido:conceptID>
                            </lido:placeClassification>
       
       </lido:place>
      </lido:eventPlace>
     
     <lido:eventPlace lido:type="Death place"> 
      <lido:displayPlace>London</lido:displayPlace>
       <lido:place>
       <lido:namePlaceSet> 
         <lido:appellationValue>London</lido:appellationValue>
       </lido:namePlaceSet>
      
       <lido:gml> 
                               <gml:Point> 
                                    <gml:coordinates>51.5000, -0.1660</gml:coordinates>
 
                                </gml:Point>
 
                            </lido:gml>
 
       
       <lido:placeClassification>
                                <lido:conceptID lido:source="TGN" lido:type="Death place">tgn7011781</lido:conceptID>
                            </lido:placeClassification>
       
       </lido:place>
      </lido:eventPlace>
     
     <lido:eventPlace lido:type="Place of Activity"> 
      <lido:displayPlace>London</lido:displayPlace>
       <lido:place>
       <lido:namePlaceSet> 
         <lido:appellationValue>London</lido:appellationValue>
       </lido:namePlaceSet>
      
       <lido:gml> 
                               <gml:Point> 
                                    <gml:coordinates>51.5000, -0.1660</gml:coordinates>
 
                                </gml:Point>
 
                            </lido:gml>
 
       
       <lido:placeClassification>
                                <lido:conceptID lido:source="TGN" lido:type="Place of Activity">tgn7011781</lido:conceptID>
                            </lido:placeClassification>
       
       </lido:place>
      </lido:eventPlace>
     
     <lido:eventPlace lido:type="Place of Activity"> 
      <lido:displayPlace>China</lido:displayPlace>
       <lido:place>
       <lido:namePlaceSet> 
         <lido:appellationValue>China</lido:appellationValue>
       </lido:namePlaceSet>
      
       <lido:gml> 
                               <gml:Point> 
                                    <gml:coordinates>35.0000, 105.0000</gml:coordinates>
 
                                </gml:Point>
 
                            </lido:gml>
 
       
       <lido:placeClassification>
                                <lido:conceptID lido:source="TGN" lido:type="Place of Activity">tgn1000111</lido:conceptID>
                            </lido:placeClassification>
       
       </lido:place>
      </lido:eventPlace>
     
     <lido:eventPlace lido:type="Birth place"> 
      <lido:displayPlace>Melbourne</lido:displayPlace>
       <lido:place>
       <lido:namePlaceSet> 
         <lido:appellationValue>Melbourne</lido:appellationValue>
       </lido:namePlaceSet>
      
       <lido:gml> 
                               <gml:Point> 
                                    <gml:coordinates>-37.7500, 144.9660</gml:coordinates>
 
                                </gml:Point>
 
                            </lido:gml>
 
       
       <lido:placeClassification>
                                <lido:conceptID lido:source="TGN" lido:type="Birth place">tgn7001933</lido:conceptID>
                            </lido:placeClassification>
       
       </lido:place>
      </lido:eventPlace>
     
     <lido:eventPlace lido:type="Place of Activity"> 
      <lido:displayPlace>Canberra</lido:displayPlace>
       <lido:place>
       <lido:namePlaceSet> 
         <lido:appellationValue>Canberra</lido:appellationValue>
       </lido:namePlaceSet>
      
       <lido:gml> 
                               <gml:Point> 
                                    <gml:coordinates>-35.3000, 149.1330</gml:coordinates>
 
                                </gml:Point>
 
                            </lido:gml>
 
       
       <lido:placeClassification>
                                <lido:conceptID lido:source="TGN" lido:type="Place of Activity">tgn7001867</lido:conceptID>
                            </lido:placeClassification>
       
       </lido:place>
      </lido:eventPlace>
     
     
                      
                    <lido:eventMaterialsTech>
                        <lido:displayMaterialsTech>Oil on board</lido:displayMaterialsTech>
      
     <lido:materialsTech>
       
      
                            <lido:termMaterialsTech>
                                <lido:conceptID lido:type="support" lido:source="AAT">aat14198</lido:conceptID>
                                <lido:term>board</lido:term>
                            </lido:termMaterialsTech>
 
      
       
      
                            <lido:termMaterialsTech>
                                <lido:conceptID lido:type="medium" lido:source="AAT">aat15050</lido:conceptID>
                                <lido:term>oil paint</lido:term>
                            </lido:termMaterialsTech>
 
      
       
      </lido:materialsTech>
                    </lido:eventMaterialsTech>
     
    </lido:event>
            </lido:eventSet>
   
   
   
   
   
            
   
            <lido:eventSet>
            
    <lido:displayEvent>Exhibition of Paintings at the Durlacher Gallery, Arts Magazine, Vol. 30, April 1956, p. 45, N1 A415 + (A &amp; A)  </lido:displayEvent>
    
   
    <lido:displayEvent>Catherin Fisher, The Hype and Hope of Auctioneering, The Age, August 22, 1994, p. 17, Available online  , Available online in FACTIVA  </lido:displayEvent>
    
   
    <lido:displayEvent>Phillips Sale Catalogue. Modern British and Irish Paintings, Drawings and Sculptures. Tuesday, November 26, 1996., Phillips, Tuesday, November 26, 1996, p. 58, No. 76, Sales Catalogue  </lido:displayEvent>
    
   
    <lido:displayEvent>Phillip McCarthy, If The Queen of Australia Can Be British, Why Can't Sidney Nolan?, Sydney Morning Herald, February 3, 1999, p. 11, Available online  , Available online in FACTIVA  </lido:displayEvent>
    
   
    <lido:displayEvent>A link and a trust, Albert Tucker and Sidney Nolan's Rome exhibition : Heide Museum of Art, 18 November 2006 - 20 May 2007., Heide Museum of Modern Art, Victoria, Australia, 2006, p. 5, V 1742 (YCBA)  </lido:displayEvent>
    
   
    <lido:displayEvent>Geoffrey Smith, Sidney Nolan, desert &amp; drought, National Gallery of Victoria, Melbourne, Victoria, 2003, p. 118, no. 68, NJ18 N69 S55 2003 + (YCBA)  </lido:displayEvent>
    
       
                <lido:event>
                   <lido:eventType>
                       <lido:term>publication</lido:term>
                   </lido:eventType>
                </lido:event>
            </lido:eventSet>
 
  
            
            <lido:eventSet>      
     
    <lido:displayEvent>Permanent Collection of Paintings and Sculpture:  Since 1850, 2009</lido:displayEvent>
     
    <lido:displayEvent>A Link and a Trust - Albert Tucker and Sidney Nolan's Rome Exhibition, 2006-2007</lido:displayEvent>
     
    <lido:displayEvent>Sidney Nolan :  Desert and Drought, June 13-August 24, 2003</lido:displayEvent>
     
    <lido:displayEvent>20th Century Paintings and Sculpture, 2000</lido:displayEvent>
     
    <lido:event>
     <lido:eventType> 
      <lido:term>exhibition history</lido:term>
 
     </lido:eventType>
                </lido:event>
            </lido:eventSet>
   
            
   
            <lido:eventSet>
       
            </lido:eventSet>
  </lido:eventWrap>
  
    
        <lido:objectRelationWrap>
  
  
  
            <lido:subjectWrap>
     
    <lido:subjectSet> 
    <lido:subject lido:type="iconography">
     
       <lido:subjectConcept>
        <lido:conceptID lido:source="AAT" lido:type="local">aat56508</lido:conceptID>
        <lido:term>abstract art</lido:term>
       </lido:subjectConcept>
      
     </lido:subject>
     </lido:subjectSet>
     
    <lido:subjectSet> 
    <lido:subject lido:type="iconography">
     
       <lido:subjectConcept>
        <lido:conceptID lido:source="AAT" lido:type="local">aat127794</lido:conceptID>
        <lido:term>yellow</lido:term>
       </lido:subjectConcept>
      
     </lido:subject>
     </lido:subjectSet>
     
    <lido:subjectSet> 
    <lido:subject lido:type="iconography">
     
       <lido:subjectConcept>
        <lido:conceptID lido:source="AAT" lido:type="local">aat54106</lido:conceptID>
        <lido:term>decay</lido:term>
       </lido:subjectConcept>
      
     </lido:subject>
     </lido:subjectSet>
     
    <lido:subjectSet> 
    <lido:subject lido:type="iconography">
     
       <lido:subjectConcept>
        <lido:conceptID lido:source="AAT" lido:type="local">aat203656</lido:conceptID>
        <lido:term>movement</lido:term>
       </lido:subjectConcept>
      
     </lido:subject>
     </lido:subjectSet>
     
    <lido:subjectSet> 
    <lido:subject lido:type="iconography">
     
       <lido:subjectConcept>
        <lido:conceptID lido:source="AAT" lido:type="local">aat191856</lido:conceptID>
        <lido:term>skull</lido:term>
       </lido:subjectConcept>
      
     </lido:subject>
     </lido:subjectSet>
     
    <lido:subjectSet> 
    <lido:subject lido:type="iconography">
     
       <lido:subjectConcept>
        <lido:conceptID lido:source="AAT" lido:type="local">aat11798</lido:conceptID>
        <lido:term>bone</lido:term>
       </lido:subjectConcept>
      
     </lido:subject>
     </lido:subjectSet>
    
            </lido:subjectWrap>
 
    
   
  </lido:objectRelationWrap>
  
 </lido:descriptiveMetadata>
 
 
 
 <lido:administrativeMetadata xml:lang="eng">
        <lido:rightsWorkWrap>
            <lido:rightsWorkSet>
    <lido:rightsType>
     <lido:conceptID lido:type="object copyright">under copyright (fair use)</lido:conceptID>
     <lido:term></lido:term>
 
        </lido:rightsType>
        
        <lido:rightsHolder>
            <lido:legalBodyID lido:type=""></lido:legalBodyID>
            <lido:legalBodyName>
                <lido:appellationValue>© Estate of the Artist</lido:appellationValue>
            </lido:legalBodyName>
            <lido:legalBodyWeblink></lido:legalBodyWeblink>
        </lido:rightsHolder>
                <lido:creditLine>Yale Center for British Art, Friends of British Art Fund</lido:creditLine>
            </lido:rightsWorkSet>
        </lido:rightsWorkWrap>
        
        <lido:recordWrap>
            <lido:recordID lido:type="local">105</lido:recordID>
            
            <lido:recordType>
                <lido:term>Item</lido:term>
  
            </lido:recordType>
            <lido:recordSource>
                <lido:legalBodyID lido:type="boilerplate">Yale Center for British Art</lido:legalBodyID>
                <lido:legalBodyName>
     <lido:appellationValue>Yale Center for British Art</lido:appellationValue>
                </lido:legalBodyName>
    <lido:legalBodyWeblink>http://britishart.yale.edu</lido:legalBodyWeblink>
            </lido:recordSource>
   
   
            <lido:recordInfoSet>
                <lido:recordInfoLink lido:formatResource="html">http://collections.britishart.yale.edu/vufind/Record/1665256</lido:recordInfoLink>
            </lido:recordInfoSet>
            <lido:recordInfoSet>
                <lido:recordInfoID lido:type="YCBA URL">oai:tms.ycba.yale.edu:105</lido:recordInfoID>
            </lido:recordInfoSet>
        </lido:recordWrap>
        <lido:resourceWrap>
            <lido:resourceSet>
    
    
                
    
    <lido:resourceRepresentation lido:type="thumb">
                    <lido:linkResource lido:formatResource="jpg">http://collections.britishart.yale.edu:8080/MediaService/MediaService?system=tms&amp;id=105&amp;size=thumb</lido:linkResource>
                </lido:resourceRepresentation>
    <lido:resourceRepresentation lido:type="large">
                    <lido:linkResource lido:formatResource="jpg">http://collections.britishart.yale.edu:8080/MediaService/MediaService?system=tms&amp;id=105&amp;size=large</lido:linkResource>
                </lido:resourceRepresentation>
    <lido:resourceRepresentation lido:type="list">
                    <lido:linkResource lido:formatResource="jpg">http://collections.britishart.yale.edu:8080/MediaService/MediaService?callback=?&amp;format=json&amp;system=tms&amp;id=105</lido:linkResource>
                </lido:resourceRepresentation>
    <lido:resourceRepresentation lido:type="original">
                    <lido:linkResource lido:formatResource="tif">http://collections.britishart.yale.edu:8080/MediaService/MediaService?system=tms&amp;id=105&amp;size=fullpage</lido:linkResource>
                </lido:resourceRepresentation>
    
    
    
                
    <lido:resourceType>
                    <lido:term>digital image</lido:term>
                </lido:resourceType>
    
                <lido:resourceSource lido:type="holder of image">
                    <lido:legalBodyName>
                        <lido:appellationValue>Yale Center for British Art</lido:appellationValue>
                    </lido:legalBodyName>
                </lido:resourceSource>
                <lido:rightsResource>
                    <lido:rightsHolder>
                        <lido:legalBodyID lido:type="URL">http://britishart.yale.edu/collections/using-collections/image-use</lido:legalBodyID>
                        <lido:legalBodyName>
                            <lido:appellationValue>Yale Center for British Art</lido:appellationValue>
                        </lido:legalBodyName>
                    </lido:rightsHolder>
                </lido:rightsResource>
            </lido:resourceSet>
            
        </lido:resourceWrap>
    </lido:administrativeMetadata>
 
</lido:lido>
</metadata>
</record>
