<record><header><identifier>oai:tms.ycba.yale.edu:168</identifier>
<datestamp>2012-01-23</datestamp>
<setSpec>ycba:ps</setSpec>
</header>
<metadata>
<lido:lido 
 xmlns:lido="http://www.lido-schema.org" 
 xmlns:xsi="http://www.w3.org/2001/XMLSchema-instance" 
 xmlns:gml="http://www.opengis.net/gml"
 xsi:schemaLocation="http://www.lido-schema.org http://www.lido-schema.org/schema/v1.0/lido-v1.0.xsd">
 
    
    <lido:lidoRecID lido:source="Yale Center for British Art" lido:type="local">YCBA/lido-TMS-168</lido:lidoRecID>
 <lido:category> 
  <lido:conceptID lido:type="URI">http://www.cidoc-crm.org/crm-concepts/E22</lido:conceptID>
        <lido:term xml:lang="eng">Man-Made Object</lido:term>
    </lido:category>
 
 
 <lido:descriptiveMetadata xml:lang="eng">
 
  
  <lido:objectClassificationWrap>
  
   <lido:objectWorkTypeWrap> 
    
    <lido:objectWorkType>
     <lido:conceptID lido:type="Object name"/>
     <lido:term>painting</lido:term>
 
    </lido:objectWorkType>
    
    <lido:objectWorkType>
     <lido:conceptID lido:type="Genre"/>
     <lido:term>portrait</lido:term>
 
    </lido:objectWorkType>
    
    <lido:objectWorkType>
     <lido:conceptID lido:type="Genre"/>
     <lido:term>historical subject</lido:term>
 
    </lido:objectWorkType>
    
   </lido:objectWorkTypeWrap>
 
   
   <lido:classificationWrap>
   
    <lido:classification lido:type="local">
     <lido:term>Painting</lido:term>
    </lido:classification>
   
   </lido:classificationWrap>
 
  
  </lido:objectClassificationWrap>
  
  
  
  <lido:objectIdentificationWrap>
  
   <lido:titleWrap>
   
    <lido:titleSet lido:type="Repository title"> 
     <lido:appellationValue lido:pref="preferred" xml:lang="eng">An Allegory of the Tudor Succession: The Family of Henry VIII</lido:appellationValue>
 
    </lido:titleSet>
   
    <lido:titleSet lido:type="Former title"> 
     <lido:appellationValue lido:pref="alternate" xml:lang="eng">Allegory of the Tudor Succession (The Family of Henry VIII)</lido:appellationValue>
 
    </lido:titleSet>
    
   </lido:titleWrap>
  
   
   <lido:inscriptionsWrap> 
                <lido:inscriptions lido:type="Inscription">
                    <lido:inscriptionTranscription>No inscription</lido:inscriptionTranscription>
                </lido:inscriptions>
                <lido:inscriptions lido:type="Marks">
                    <lido:inscriptionTranscription></lido:inscriptionTranscription>
                </lido:inscriptions>
    <lido:inscriptions lido:type="Lettering">
                    <lido:inscriptionTranscription></lido:inscriptionTranscription>
                </lido:inscriptions>
                <lido:inscriptions lido:type="Signed and Dated">
                    <lido:inscriptionTranscription>Not signed, not dated</lido:inscriptionTranscription>
                </lido:inscriptions>
            </lido:inscriptionsWrap>
   
            
            <lido:repositoryWrap>
    
                <lido:repositorySet lido:type="current">
                    
                    <lido:repositoryName>
                        <lido:legalBodyName>
                            <lido:appellationValue>Yale Center for British Art</lido:appellationValue>
                        </lido:legalBodyName>
                    </lido:repositoryName>
                    <lido:workID lido:type="inventory number">B1974.3.7</lido:workID>
     
                    
                 <lido:repositoryLocation>
    
     
     
     
      <lido:partOfPlace>
       <lido:namePlaceSet>
        <lido:appellationValue lido:label="UnitType">Bay A</lido:appellationValue>
  
       </lido:namePlaceSet>
       <lido:gml>            
        <gml:Point>
         <gml:coordinates></gml:coordinates>
        </gml:Point>
       </lido:gml>
      </lido:partOfPlace>
     
      <lido:partOfPlace>
       <lido:namePlaceSet>
        <lido:appellationValue lido:label="SubSite">408</lido:appellationValue>
  
       </lido:namePlaceSet>
       <lido:gml>            
        <gml:Point>
         <gml:coordinates></gml:coordinates>
        </gml:Point>
       </lido:gml>
      </lido:partOfPlace>
      
      <lido:partOfPlace>
       <lido:namePlaceSet>
        <lido:appellationValue lido:label="Site">YCBA</lido:appellationValue>
  
       </lido:namePlaceSet>
       <lido:gml>            
        <gml:Point>
         <gml:coordinates></gml:coordinates>
        </gml:Point>
       </lido:gml>
      </lido:partOfPlace>
       
       
      <lido:partOfPlace>
       <lido:placeID lido:source="TGN" lido:type="Geo location">tgn7014210</lido:placeID>
       <lido:namePlaceSet>
        <lido:appellationValue>New Haven</lido:appellationValue>
           
       </lido:namePlaceSet>
       <lido:gml>            
        <gml:Point>
         <gml:coordinates>41.3000, -72.9160</gml:coordinates>
        </gml:Point>
       </lido:gml>
      </lido:partOfPlace>
   
                    </lido:repositoryLocation>
    
                </lido:repositorySet>
    
       </lido:repositoryWrap>
   
            <lido:displayStateEditionWrap>
    
    
    
            </lido:displayStateEditionWrap>
           <lido:objectDescriptionWrap> 
    <lido:objectDescriptionSet>     
   
     </lido:objectDescriptionSet>
   </lido:objectDescriptionWrap>
   
   
            <lido:objectMeasurementsWrap>
    
                <lido:objectMeasurementsSet>
                    <lido:displayObjectMeasurements>45 x 71 3/4 inches (114.3 x 182.2 cm)</lido:displayObjectMeasurements>
     <lido:objectMeasurements>
     
      <lido:measurementsSet>
       <lido:measurementType>width</lido:measurementType>
       <lido:measurementUnit> cm</lido:measurementUnit>
  
            
       <lido:measurementValue>182.2</lido:measurementValue>
      </lido:measurementsSet>
     
      <lido:measurementsSet>
       <lido:measurementType>height</lido:measurementType>
       <lido:measurementUnit> cm</lido:measurementUnit>
  
            
       <lido:measurementValue>114.3</lido:measurementValue>
      </lido:measurementsSet>
     
      <lido:extentMeasurements>Support (PTG)</lido:extentMeasurements>
                                   
      <lido:qualifierMeasurements></lido:qualifierMeasurements>
 
      
     
     
     </lido:objectMeasurements>
    </lido:objectMeasurementsSet>
            </lido:objectMeasurementsWrap>
   
   
  </lido:objectIdentificationWrap>
  
  
  <lido:eventWrap>
   <lido:eventSet>
    <lido:event>
     <lido:eventType>
      <lido:term>creation</lido:term>
                    </lido:eventType>
     
     <lido:eventActor>
     
     
                        
      
       
       
      
       
        <lido:displayActorInRole>Unknown artist, 16th century, British</lido:displayActorInRole>
       
       
       
       
                        
       
       
      
       
        <lido:displayActorInRole>after Lucas de Heere, 1534-1584, Netherlandish</lido:displayActorInRole>
       
       
       
       
                           
      
     
       
      
     
      <lido:actorInRole>
                            <lido:actor lido:type="personalName"> 
                   <lido:actorID lido:source="Oxford Dictionary of National Biography" lido:type="local">
        </lido:actorID>
  
           
                        
       <lido:nameActorSet>
                  
                                    <lido:appellationValue lido:pref="alternate">Unknown artist</lido:appellationValue>
                  
                                    <lido:appellationValue lido:pref="alternate">Unknown framemaker</lido:appellationValue>
                  
                                    <lido:appellationValue lido:pref="preferred">Unknown artist</lido:appellationValue>
                  
                                    <lido:appellationValue lido:pref="alternate">Lukas de Heere</lido:appellationValue>
                  
                                    <lido:appellationValue lido:pref="alternate">Lucas De Heere</lido:appellationValue>
                  
                                    <lido:appellationValue lido:pref="alternate">Lukas De Heere</lido:appellationValue>
                  
                                    <lido:appellationValue lido:pref="preferred">Lucas de Heere</lido:appellationValue>
        
       </lido:nameActorSet>
        
        
        
                                <lido:vitalDatesActor>
                                    <lido:earliestDate lido:type="estimatedDate">0</lido:earliestDate>
                                    <lido:latestDate lido:type="estimatedDate">0</lido:latestDate>
                                </lido:vitalDatesActor>
          
                                <lido:genderActor>unknown</lido:genderActor>
        
 
                            </lido:actor>
      
        
       <lido:roleActor>
        <lido:conceptID lido:type="object related role"></lido:conceptID>
        <lido:term>Artist</lido:term>
       </lido:roleActor>
        
       <lido:roleActor>
        <lido:conceptID lido:type="object related role"></lido:conceptID>
        <lido:term>after</lido:term>
       </lido:roleActor>
       
       
      
      
      
       <lido:attributionQualifierActor></lido:attributionQualifierActor>
 
      
      
       <lido:extentActor>16th century</lido:extentActor>
 
       
       
      </lido:actorInRole>
     </lido:eventActor>
            
        
        
     
     <lido:culture>
     
      <lido:term>British</lido:term>
                    
     </lido:culture>
      
     
   
     
                    <lido:eventDate>
                        <lido:displayDate>ca. 1590</lido:displayDate>
                        <lido:date>
                            <lido:earliestDate>1585</lido:earliestDate>
                            <lido:latestDate>1595</lido:latestDate>
                        </lido:date>
                    </lido:eventDate>
                    
                    <lido:periodName>
                        <lido:term>16th century</lido:term>
 
                    </lido:periodName>
     
       
           
     
     
                      
                    <lido:eventMaterialsTech>
                        <lido:displayMaterialsTech>Oil on panel</lido:displayMaterialsTech>
      
     <lido:materialsTech>
       
      
                            <lido:termMaterialsTech>
                                <lido:conceptID lido:type="support" lido:source="AAT">aat14657</lido:conceptID>
                                <lido:term>panel (wood)</lido:term>
                            </lido:termMaterialsTech>
 
      
       
      
                            <lido:termMaterialsTech>
                                <lido:conceptID lido:type="medium" lido:source="AAT">aat15050</lido:conceptID>
                                <lido:term>oil paint</lido:term>
                            </lido:termMaterialsTech>
 
      
       
      </lido:materialsTech>
                    </lido:eventMaterialsTech>
     
    </lido:event>
            </lido:eventSet>
   
   
   
   
   
            
   
            <lido:eventSet>
            
    <lido:displayEvent>Linda Colley, Crown pictorial, art and the British monarchy, Yale Center for British Art, New Haven, 1990, pp. 6-7, 25, no. 1, fig. 1, N8219 K5 C76 1990 (YCBA)  </lido:displayEvent>
    
   
    <lido:displayEvent>Linda Colley, Crown pictorial, art and the British monarchy : Exhibition labels, Yale Center for British Art, New Haven, 1990, pp. 1-2, no. 1, N8219 K5 C761 1990 (YCBA)  </lido:displayEvent>
    
   
    <lido:displayEvent>Lisa Hopkins, In a Little Room : Marlowe and the Allegory of the Tudor Succession, Notes and Queries, v. 53, no. 4, December 2006, pp. 442-44, A88 122 (SML)  </lido:displayEvent>
    
   
    <lido:displayEvent>Margaret Aston, The king's bedpost, Reformation and iconography in a Tudor group portrait, Cambridge University Press, Cambridge [England] New York, 1993, p. 114, pl. VII, ND1314.2 (YCBA)  </lido:displayEvent>
    
   
    <lido:displayEvent>Roy C. Strong, The English icon, Elizabethan &amp; Jacobean portraiture, Paul Mellon Foundation for British Art, London New York, 1969, p. 140, no. 95, ND1314 S77 + (YCBA)  </lido:displayEvent>
    
   
    <lido:displayEvent>Christopher Lloyd, Henry VIII, images of a Tudor king, Phaidon Press, Oxford, 1991, no. 55, N7628 H5 L56 1990 (YCBA)  </lido:displayEvent>
    
       
                <lido:event>
                   <lido:eventType>
                       <lido:term>publication</lido:term>
                   </lido:eventType>
                </lido:event>
            </lido:eventSet>
 
  
            
            <lido:eventSet>      
     
    <lido:displayEvent>Crown Pictorial - Art and the British Monarchy, 1990-1991</lido:displayEvent>
     
    <lido:event>
     <lido:eventType> 
      <lido:term>exhibition history</lido:term>
 
     </lido:eventType>
                </lido:event>
            </lido:eventSet>
   
            
   
            <lido:eventSet>
       
            </lido:eventSet>
  </lido:eventWrap>
  
    
        <lido:objectRelationWrap>
  
  
  
            <lido:subjectWrap>
     
    <lido:subjectSet> 
    <lido:subject lido:type="iconography">
     
       <lido:subjectConcept>
        <lido:conceptID lido:source="AAT" lido:type="local">aat260027</lido:conceptID>
        <lido:term>peace</lido:term>
       </lido:subjectConcept>
      
     </lido:subject>
     </lido:subjectSet>
     
    <lido:subjectSet> 
    <lido:subject lido:type="iconography">
     
       <lido:subjectConcept>
        <lido:conceptID lido:source="AAT" lido:type="local">aat55767</lido:conceptID>
        <lido:term>plenty</lido:term>
       </lido:subjectConcept>
      
     </lido:subject>
     </lido:subjectSet>
     
    <lido:subjectSet> 
    <lido:subject lido:type="iconography">
     
       <lido:subjectConcept>
        <lido:conceptID lido:source="AAT" lido:type="local">aat55866</lido:conceptID>
        <lido:term>allegory</lido:term>
       </lido:subjectConcept>
      
     </lido:subject>
     </lido:subjectSet>
     
    <lido:subjectSet> 
    <lido:subject lido:type="iconography">
     
       <lido:subjectConcept>
        <lido:conceptID lido:source="AAT" lido:type="local">aat25481</lido:conceptID>
        <lido:term>king (person)</lido:term>
       </lido:subjectConcept>
      
     </lido:subject>
     </lido:subjectSet>
     
    <lido:subjectSet> 
    <lido:subject lido:type="iconography">
     
       <lido:subjectConcept>
        <lido:conceptID lido:source="AAT" lido:type="local">aat25483</lido:conceptID>
        <lido:term>queen (person)</lido:term>
       </lido:subjectConcept>
      
     </lido:subject>
     </lido:subjectSet>
     
    <lido:subjectSet> 
    <lido:subject lido:type="iconography">
     
       <lido:subjectConcept>
        <lido:conceptID lido:source="AAT" lido:type="local">aat25945</lido:conceptID>
        <lido:term>child</lido:term>
       </lido:subjectConcept>
      
     </lido:subject>
     </lido:subjectSet>
     
    <lido:subjectSet> 
    <lido:subject lido:type="iconography">
     
       <lido:subjectConcept>
        <lido:conceptID lido:source="AAT" lido:type="local">aat188750</lido:conceptID>
        <lido:term>royalty</lido:term>
       </lido:subjectConcept>
      
     </lido:subject>
     </lido:subjectSet>
     
    <lido:subjectSet> 
    <lido:subject lido:type="iconography">
     
       <lido:subjectConcept>
        <lido:conceptID lido:source="AAT" lido:type="local">aat11868</lido:conceptID>
        <lido:term>fruit</lido:term>
       </lido:subjectConcept>
      
     </lido:subject>
     </lido:subjectSet>
     
    <lido:subjectSet> 
    <lido:subject lido:type="iconography">
     
       <lido:subjectConcept>
        <lido:conceptID lido:source="AAT" lido:type="local">aat55314</lido:conceptID>
        <lido:term>war</lido:term>
       </lido:subjectConcept>
      
     </lido:subject>
     </lido:subjectSet>
     
    <lido:subjectSet> 
    <lido:subject lido:type="iconography">
     
       <lido:subjectConcept>
        <lido:conceptID lido:source="AAT" lido:type="local">aat227779</lido:conceptID>
        <lido:term>brocade</lido:term>
       </lido:subjectConcept>
      
     </lido:subject>
     </lido:subjectSet>
     
    <lido:subjectSet> 
    <lido:subject lido:type="iconography">
     
       <lido:subjectConcept>
        <lido:conceptID lido:source="AAT" lido:type="local">aat38141</lido:conceptID>
        <lido:term>throne</lido:term>
       </lido:subjectConcept>
      
     </lido:subject>
     </lido:subjectSet>
     
    <lido:subjectSet> 
    <lido:subject lido:type="iconography">
     
       <lido:subjectConcept>
        <lido:conceptID lido:source="AAT" lido:type="local">aat185749</lido:conceptID>
        <lido:term>rug</lido:term>
       </lido:subjectConcept>
      
     </lido:subject>
     </lido:subjectSet>
     
    <lido:subjectSet> 
    <lido:subject lido:type="iconography">
     
       <lido:subjectConcept>
        <lido:conceptID lido:source="AAT" lido:type="local">aat178802</lido:conceptID>
        <lido:term>costume</lido:term>
       </lido:subjectConcept>
      
     </lido:subject>
     </lido:subjectSet>
     
    <lido:subjectSet> 
    <lido:subject lido:type="iconography">
     
       <lido:subjectConcept>
        <lido:conceptID lido:source="AAT" lido:type="local">aat124525</lido:conceptID>
        <lido:term>group portrait</lido:term>
       </lido:subjectConcept>
      
     </lido:subject>
     </lido:subjectSet>
     
    <lido:subjectSet> 
    <lido:subject lido:type="iconography">
     
       <lido:subjectConcept>
        <lido:conceptID lido:source="AAT" lido:type="local">aat15571</lido:conceptID>
        <lido:term>cityscape</lido:term>
       </lido:subjectConcept>
      
     </lido:subject>
     </lido:subjectSet>
     
    <lido:subjectSet> 
    <lido:subject lido:type="iconography">
     
       <lido:subjectConcept>
        <lido:conceptID lido:source="AAT" lido:type="local">aat126352</lido:conceptID>
        <lido:term>coat of arms</lido:term>
       </lido:subjectConcept>
      
     </lido:subject>
     </lido:subjectSet>
     
    <lido:subjectSet> 
    <lido:subject lido:type="iconography">
     
       <lido:subjectConcept>
        <lido:conceptID lido:source="AAT" lido:type="local">aat33898</lido:conceptID>
        <lido:term>historical subject</lido:term>
       </lido:subjectConcept>
      
     </lido:subject>
     </lido:subjectSet>
     
    <lido:subjectSet> 
    <lido:subject lido:type="iconography">
       
       <lido:subjectPlace>
        <lido:place>
         <lido:placeID lido:source="TGN" lido:type="local">tgn0</lido:placeID>
         <lido:namePlaceSet>
          <lido:appellationValue>Tudor</lido:appellationValue>
         </lido:namePlaceSet>
         <lido:gml>
          <gml:Point>
           <gml:coordinates></gml:coordinates>
          </gml:Point>
         </lido:gml>
        </lido:place>
       </lido:subjectPlace>
      
     </lido:subject>
     </lido:subjectSet>
     
    <lido:subjectSet> 
    <lido:subject lido:type="iconography">
       
       <lido:subjectPlace>
        <lido:place>
         <lido:placeID lido:source="TGN" lido:type="local">tgn0</lido:placeID>
         <lido:namePlaceSet>
          <lido:appellationValue>family</lido:appellationValue>
         </lido:namePlaceSet>
         <lido:gml>
          <gml:Point>
           <gml:coordinates></gml:coordinates>
          </gml:Point>
         </lido:gml>
        </lido:place>
       </lido:subjectPlace>
      
     </lido:subject>
     </lido:subjectSet>
     
    <lido:subjectSet> 
    <lido:subject lido:type="iconography">
     
       <lido:subjectConcept>
        <lido:conceptID lido:source="AAT" lido:type="local">aat-1</lido:conceptID>
        <lido:term>Henry VIII (1491–1547), king of England and Ireland</lido:term>
       </lido:subjectConcept>
      
     </lido:subject>
     </lido:subjectSet>
     
    <lido:subjectSet> 
    <lido:subject lido:type="iconography">
     
       <lido:subjectConcept>
        <lido:conceptID lido:source="AAT" lido:type="local">aat-1</lido:conceptID>
        <lido:term>Mary (1496–1533), queen of France, consort of Louis XII</lido:term>
       </lido:subjectConcept>
      
     </lido:subject>
     </lido:subjectSet>
     
    <lido:subjectSet> 
    <lido:subject lido:type="iconography">
     
       <lido:subjectConcept>
        <lido:conceptID lido:source="AAT" lido:type="local">aat-1</lido:conceptID>
        <lido:term>Philip II, king of Spain (1527–1598)</lido:term>
       </lido:subjectConcept>
      
     </lido:subject>
     </lido:subjectSet>
     
    <lido:subjectSet> 
    <lido:subject lido:type="iconography">
     
       <lido:subjectConcept>
        <lido:conceptID lido:source="AUT" lido:type="local">aut25871</lido:conceptID>
        <lido:term>guards (security)</lido:term>
       </lido:subjectConcept>
      
     </lido:subject>
     </lido:subjectSet>
     
    <lido:subjectSet> 
    <lido:subject lido:type="iconography">
     
       <lido:subjectConcept>
        <lido:conceptID lido:source="AAT" lido:type="local">aat-1</lido:conceptID>
        <lido:term>Elizabeth I, queen of England and Ireland</lido:term>
       </lido:subjectConcept>
      
     </lido:subject>
     </lido:subjectSet>
     
    <lido:subjectSet> 
    <lido:subject lido:type="iconography">
     
       <lido:subjectConcept>
        <lido:conceptID lido:source="AAT" lido:type="local">aat-1</lido:conceptID>
        <lido:term>Mars</lido:term>
       </lido:subjectConcept>
      
     </lido:subject>
     </lido:subjectSet>
     
    <lido:subjectSet> 
    <lido:subject lido:type="iconography">
     
       <lido:subjectConcept>
        <lido:conceptID lido:source="AAT" lido:type="local">aat-1</lido:conceptID>
        <lido:term>Edward VI (1537–1553), king of England and Ireland</lido:term>
       </lido:subjectConcept>
      
     </lido:subject>
     </lido:subjectSet>
    
            </lido:subjectWrap>
 
    
   
  </lido:objectRelationWrap>
  
 </lido:descriptiveMetadata>
 
 
 
 <lido:administrativeMetadata xml:lang="eng">
        <lido:rightsWorkWrap>
            <lido:rightsWorkSet>
    <lido:rightsType>
     <lido:conceptID lido:type="object copyright">public domain</lido:conceptID>
     <lido:term></lido:term>
 
        </lido:rightsType>
        
        <lido:rightsHolder>
            <lido:legalBodyID lido:type=""></lido:legalBodyID>
            <lido:legalBodyName>
                <lido:appellationValue>Public Domain</lido:appellationValue>
            </lido:legalBodyName>
            <lido:legalBodyWeblink></lido:legalBodyWeblink>
        </lido:rightsHolder>
                <lido:creditLine>Yale Center for British Art, Paul Mellon Collection</lido:creditLine>
            </lido:rightsWorkSet>
        </lido:rightsWorkWrap>
        
        <lido:recordWrap>
            <lido:recordID lido:type="local">168</lido:recordID>
            
            <lido:recordType>
                <lido:term>Item</lido:term>
  
            </lido:recordType>
            <lido:recordSource>
                <lido:legalBodyID lido:type="boilerplate">Yale Center for British Art</lido:legalBodyID>
                <lido:legalBodyName>
     <lido:appellationValue>Yale Center for British Art</lido:appellationValue>
                </lido:legalBodyName>
    <lido:legalBodyWeblink>http://britishart.yale.edu</lido:legalBodyWeblink>
            </lido:recordSource>
   
   
            <lido:recordInfoSet>
                <lido:recordInfoLink lido:formatResource="html">http://collections.britishart.yale.edu/vufind/Record/1666690</lido:recordInfoLink>
            </lido:recordInfoSet>
            <lido:recordInfoSet>
                <lido:recordInfoID lido:type="YCBA URL">oai:tms.ycba.yale.edu:168</lido:recordInfoID>
            </lido:recordInfoSet>
        </lido:recordWrap>
        <lido:resourceWrap>
            <lido:resourceSet>
    
    
                
    
    <lido:resourceRepresentation lido:type="thumb">
                    <lido:linkResource lido:formatResource="jpg">http://collections.britishart.yale.edu:8080/MediaService/MediaService?system=tms&amp;id=168&amp;size=thumb</lido:linkResource>
                </lido:resourceRepresentation>
    <lido:resourceRepresentation lido:type="large">
                    <lido:linkResource lido:formatResource="jpg">http://collections.britishart.yale.edu:8080/MediaService/MediaService?system=tms&amp;id=168&amp;size=large</lido:linkResource>
                </lido:resourceRepresentation>
    <lido:resourceRepresentation lido:type="list">
                    <lido:linkResource lido:formatResource="jpg">http://collections.britishart.yale.edu:8080/MediaService/MediaService?callback=?&amp;format=json&amp;system=tms&amp;id=168</lido:linkResource>
                </lido:resourceRepresentation>
    <lido:resourceRepresentation lido:type="original">
                    <lido:linkResource lido:formatResource="tif">http://collections.britishart.yale.edu:8080/MediaService/MediaService?system=tms&amp;id=168&amp;size=fullpage</lido:linkResource>
                </lido:resourceRepresentation>
    
    
    
                
    <lido:resourceType>
                    <lido:term>digital image</lido:term>
                </lido:resourceType>
    
                <lido:resourceSource lido:type="holder of image">
                    <lido:legalBodyName>
                        <lido:appellationValue>Yale Center for British Art</lido:appellationValue>
                    </lido:legalBodyName>
                </lido:resourceSource>
                <lido:rightsResource>
                    <lido:rightsHolder>
                        <lido:legalBodyID lido:type="URL">http://britishart.yale.edu/collections/using-collections/image-use</lido:legalBodyID>
                        <lido:legalBodyName>
                            <lido:appellationValue>Yale Center for British Art</lido:appellationValue>
                        </lido:legalBodyName>
                    </lido:rightsHolder>
                </lido:rightsResource>
            </lido:resourceSet>
            
        </lido:resourceWrap>
    </lido:administrativeMetadata>
 
</lido:lido>
</metadata>
</record>
