<record><header><identifier>oai:tms.ycba.yale.edu:102</identifier>
<datestamp>2012-01-23</datestamp>
<setSpec>ycba:ps</setSpec>
</header>
<metadata>
<lido:lido 
 xmlns:lido="http://www.lido-schema.org" 
 xmlns:xsi="http://www.w3.org/2001/XMLSchema-instance" 
 xmlns:gml="http://www.opengis.net/gml"
 xsi:schemaLocation="http://www.lido-schema.org http://www.lido-schema.org/schema/v1.0/lido-v1.0.xsd">
 
    
    <lido:lidoRecID lido:source="Yale Center for British Art" lido:type="local">YCBA/lido-TMS-102</lido:lidoRecID>
 <lido:category> 
  <lido:conceptID lido:type="URI">http://www.cidoc-crm.org/crm-concepts/E22</lido:conceptID>
        <lido:term xml:lang="eng">Man-Made Object</lido:term>
    </lido:category>
 
 
 <lido:descriptiveMetadata xml:lang="eng">
 
  
  <lido:objectClassificationWrap>
  
   <lido:objectWorkTypeWrap> 
    
    <lido:objectWorkType>
     <lido:conceptID lido:type="Object name"/>
     <lido:term>painting</lido:term>
 
    </lido:objectWorkType>
    
    <lido:objectWorkType>
     <lido:conceptID lido:type="Genre"/>
     <lido:term>landscape</lido:term>
 
    </lido:objectWorkType>
    
   </lido:objectWorkTypeWrap>
 
   
   <lido:classificationWrap>
   
    <lido:classification lido:type="local">
     <lido:term>Painting</lido:term>
    </lido:classification>
   
   </lido:classificationWrap>
 
  
  </lido:objectClassificationWrap>
  
  
  
  <lido:objectIdentificationWrap>
  
   <lido:titleWrap>
   
    <lido:titleSet lido:type="Repository title"> 
     <lido:appellationValue lido:pref="preferred" xml:lang="eng">Lord Rivers's Stud Farm, Stratfield Saye</lido:appellationValue>
 
    </lido:titleSet>
    
   </lido:titleWrap>
  
   
   <lido:inscriptionsWrap> 
                <lido:inscriptions lido:type="Inscription">
                    <lido:inscriptionTranscription>No inscription</lido:inscriptionTranscription>
                </lido:inscriptions>
                <lido:inscriptions lido:type="Marks">
                    <lido:inscriptionTranscription></lido:inscriptionTranscription>
                </lido:inscriptions>
    <lido:inscriptions lido:type="Lettering">
                    <lido:inscriptionTranscription></lido:inscriptionTranscription>
                </lido:inscriptions>
                <lido:inscriptions lido:type="Signed and Dated">
                    <lido:inscriptionTranscription>Signed in black paint, lower left: "J. L. Agasse"</lido:inscriptionTranscription>
                </lido:inscriptions>
            </lido:inscriptionsWrap>
   
            
            <lido:repositoryWrap>
    
                <lido:repositorySet lido:type="current">
                    
                    <lido:repositoryName>
                        <lido:legalBodyName>
                            <lido:appellationValue>Yale Center for British Art</lido:appellationValue>
                        </lido:legalBodyName>
                    </lido:repositoryName>
                    <lido:workID lido:type="inventory number">B1981.25.740</lido:workID>
     
                    
                 <lido:repositoryLocation>
    
     
     
     
      <lido:partOfPlace>
       <lido:namePlaceSet>
        <lido:appellationValue lido:label="SubSite">Not on View</lido:appellationValue>
  
       </lido:namePlaceSet>
       <lido:gml>            
        <gml:Point>
         <gml:coordinates></gml:coordinates>
        </gml:Point>
       </lido:gml>
      </lido:partOfPlace>
      
      <lido:partOfPlace>
       <lido:namePlaceSet>
        <lido:appellationValue lido:label="Site">YCBA</lido:appellationValue>
  
       </lido:namePlaceSet>
       <lido:gml>            
        <gml:Point>
         <gml:coordinates></gml:coordinates>
        </gml:Point>
       </lido:gml>
      </lido:partOfPlace>
       
       
      <lido:partOfPlace>
       <lido:placeID lido:source="TGN" lido:type="Geo location">tgn7014210</lido:placeID>
       <lido:namePlaceSet>
        <lido:appellationValue>New Haven</lido:appellationValue>
           
       </lido:namePlaceSet>
       <lido:gml>            
        <gml:Point>
         <gml:coordinates>41.3000, -72.9160</gml:coordinates>
        </gml:Point>
       </lido:gml>
      </lido:partOfPlace>
   
                    </lido:repositoryLocation>
    
                </lido:repositorySet>
    
       </lido:repositoryWrap>
   
            <lido:displayStateEditionWrap>
    
    
    
            </lido:displayStateEditionWrap>
           <lido:objectDescriptionWrap> 
    <lido:objectDescriptionSet>     
   
     </lido:objectDescriptionSet>
   </lido:objectDescriptionWrap>
   
   
            <lido:objectMeasurementsWrap>
    
                <lido:objectMeasurementsSet>
                    <lido:displayObjectMeasurements>60 x 84 inches (152.4 x 213.4 cm)</lido:displayObjectMeasurements>
     <lido:objectMeasurements>
     
      <lido:measurementsSet>
       <lido:measurementType>height</lido:measurementType>
       <lido:measurementUnit> cm</lido:measurementUnit>
  
            
       <lido:measurementValue>152.4</lido:measurementValue>
      </lido:measurementsSet>
     
      <lido:measurementsSet>
       <lido:measurementType>width</lido:measurementType>
       <lido:measurementUnit> cm</lido:measurementUnit>
  
            
       <lido:measurementValue>213.4</lido:measurementValue>
      </lido:measurementsSet>
     
      <lido:extentMeasurements>Support (PTG)</lido:extentMeasurements>
                                   
      <lido:qualifierMeasurements></lido:qualifierMeasurements>
 
      
     
     
     </lido:objectMeasurements>
    </lido:objectMeasurementsSet>
            </lido:objectMeasurementsWrap>
   
   
  </lido:objectIdentificationWrap>
  
  
  <lido:eventWrap>
   <lido:eventSet>
    <lido:event>
     <lido:eventType>
      <lido:term>creation</lido:term>
                    </lido:eventType>
     
     <lido:eventActor>
     
     
                        
      
       
       
      
       
        <lido:displayActorInRole>Jacques-Laurent Agasse, 1767-1849, Swiss, active in Britain (from 1800)</lido:displayActorInRole>
       
       
       
       
                           
      
     
       
      
     
      <lido:actorInRole>
                            <lido:actor lido:type="personalName"> 
                   <lido:actorID lido:source="Oxford Dictionary of National Biography" lido:type="local">
        </lido:actorID>
  
           
                        
       <lido:nameActorSet>
                  
                                    <lido:appellationValue lido:pref="alternate">Jacques Laurent Agace</lido:appellationValue>
                  
                                    <lido:appellationValue lido:pref="alternate">Jacques Laurent Agasser</lido:appellationValue>
                  
                                    <lido:appellationValue lido:pref="alternate">Jacques Laurent Agasse</lido:appellationValue>
                  
                                    <lido:appellationValue lido:pref="preferred">Jacques-Laurent Agasse</lido:appellationValue>
        
       </lido:nameActorSet>
        
        
        
                                <lido:nationalityActor>
                                    <lido:term>Swiss, active in Britain (from 1800)</lido:term>
                                </lido:nationalityActor>
        
                                <lido:vitalDatesActor>
                                    <lido:earliestDate lido:type="estimatedDate">1767</lido:earliestDate>
                                    <lido:latestDate lido:type="estimatedDate">1849</lido:latestDate>
                                </lido:vitalDatesActor>
          
                                <lido:genderActor>male</lido:genderActor>
        
 
                            </lido:actor>
      
        
       <lido:roleActor>
        <lido:conceptID lido:type="object related role"></lido:conceptID>
        <lido:term>Artist</lido:term>
       </lido:roleActor>
       
       
        
       <lido:roleActor>
        <lido:conceptID lido:source="AAT" lido:type="Life role">aat25164</lido:conceptID>
        <lido:term>printmaker</lido:term>
       </lido:roleActor>
        
       <lido:roleActor>
        <lido:conceptID lido:source="AAT" lido:type="Life role">aat25136</lido:conceptID>
        <lido:term>painter</lido:term>
       </lido:roleActor>
      
      
      
       <lido:attributionQualifierActor></lido:attributionQualifierActor>
 
      
      
       <lido:extentActor></lido:extentActor>
 
       
       
      </lido:actorInRole>
     </lido:eventActor>
            
        
        
     
     <lido:culture>
     
      <lido:term></lido:term>
                    
     </lido:culture>
      
     
   
     
                    <lido:eventDate>
                        <lido:displayDate>1807</lido:displayDate>
                        <lido:date>
                            <lido:earliestDate>1807</lido:earliestDate>
                            <lido:latestDate>1807</lido:latestDate>
                        </lido:date>
                    </lido:eventDate>
                    
                    <lido:periodName>
                        <lido:term>19th century</lido:term>
 
                    </lido:periodName>
     
       
           
     
     <lido:eventPlace lido:type="Birth place"> 
      <lido:displayPlace>Geneva</lido:displayPlace>
       <lido:place>
       <lido:namePlaceSet> 
         <lido:appellationValue>Geneva</lido:appellationValue>
       </lido:namePlaceSet>
      
       <lido:gml> 
                               <gml:Point> 
                                    <gml:coordinates>46.2160, 6.1500</gml:coordinates>
 
                                </gml:Point>
 
                            </lido:gml>
 
       
       <lido:placeClassification>
                                <lido:conceptID lido:source="TGN" lido:type="Birth place">tgn7007279</lido:conceptID>
                            </lido:placeClassification>
       
       </lido:place>
      </lido:eventPlace>
     
     <lido:eventPlace lido:type="Place of Activity"> 
      <lido:displayPlace>Great Britain</lido:displayPlace>
       <lido:place>
       <lido:namePlaceSet> 
         <lido:appellationValue>Great Britain</lido:appellationValue>
       </lido:namePlaceSet>
      
       <lido:gml> 
                               <gml:Point> 
                                    <gml:coordinates>0.0000, 0.0000</gml:coordinates>
 
                                </gml:Point>
 
                            </lido:gml>
 
       
       <lido:placeClassification>
                                <lido:conceptID lido:source="TGN" lido:type="Place of Activity">tgn7008653</lido:conceptID>
                            </lido:placeClassification>
       
       </lido:place>
      </lido:eventPlace>
     
     <lido:eventPlace lido:type="Death place"> 
      <lido:displayPlace>England</lido:displayPlace>
       <lido:place>
       <lido:namePlaceSet> 
         <lido:appellationValue>England</lido:appellationValue>
       </lido:namePlaceSet>
      
       <lido:gml> 
                               <gml:Point> 
                                    <gml:coordinates>53.0000, -2.0000</gml:coordinates>
 
                                </gml:Point>
 
                            </lido:gml>
 
       
       <lido:placeClassification>
                                <lido:conceptID lido:source="TGN" lido:type="Death place">tgn7002445</lido:conceptID>
                            </lido:placeClassification>
       
       </lido:place>
      </lido:eventPlace>
     
     
                      
                    <lido:eventMaterialsTech>
                        <lido:displayMaterialsTech>Oil on canvas</lido:displayMaterialsTech>
      
     <lido:materialsTech>
       
      
                            <lido:termMaterialsTech>
                                <lido:conceptID lido:type="medium" lido:source="AAT">aat15050</lido:conceptID>
                                <lido:term>oil paint</lido:term>
                            </lido:termMaterialsTech>
 
      
       
      
                            <lido:termMaterialsTech>
                                <lido:conceptID lido:type="support" lido:source="AAT">aat14078</lido:conceptID>
                                <lido:term>canvas</lido:term>
                            </lido:termMaterialsTech>
 
      
       
      </lido:materialsTech>
                    </lido:eventMaterialsTech>
     
    </lido:event>
            </lido:eventSet>
   
   
   
   
   
            
   
            <lido:eventSet>
            
    <lido:displayEvent>The Yale Center for British Art, An Anniversary Celebration of Paul Mellon's Great Legacy, April 2007, p. 62, fig. 2, N5220 M552 A7 + (YCBA)  , Appeared as April 2007 issue of Apollo;; all of the articles may also be found in bound Apollo Volume [N1 A54 165:2 +]  </lido:displayEvent>
    
   
    <lido:displayEvent>Angus Trumble, Diversions of the Field, Apollo, v. 165, no. 542, April 2007, pp. 62, 64, fig. 2, N1 A54 + (YCBA)  </lido:displayEvent>
    
       
                <lido:event>
                   <lido:eventType>
                       <lido:term>publication</lido:term>
                   </lido:eventType>
                </lido:event>
            </lido:eventSet>
 
  
            
            <lido:eventSet>      
     
    <lido:displayEvent>J. L. Agasse, 1988-1989</lido:displayEvent>
     
    <lido:event>
     <lido:eventType> 
      <lido:term>exhibition history</lido:term>
 
     </lido:eventType>
                </lido:event>
            </lido:eventSet>
   
            
   
            <lido:eventSet>
       
            </lido:eventSet>
  </lido:eventWrap>
  
    
        <lido:objectRelationWrap>
  
  
  
            <lido:subjectWrap>
     
    <lido:subjectSet> 
    <lido:subject lido:type="iconography">
     
       <lido:subjectConcept>
        <lido:conceptID lido:source="AAT" lido:type="local">aat56035</lido:conceptID>
        <lido:term>shade</lido:term>
       </lido:subjectConcept>
      
     </lido:subject>
     </lido:subjectSet>
     
    <lido:subjectSet> 
    <lido:subject lido:type="iconography">
     
       <lido:subjectConcept>
        <lido:conceptID lido:source="AAT" lido:type="local">aat56024</lido:conceptID>
        <lido:term>light</lido:term>
       </lido:subjectConcept>
      
     </lido:subject>
     </lido:subjectSet>
     
    <lido:subjectSet> 
    <lido:subject lido:type="iconography">
     
       <lido:subjectConcept>
        <lido:conceptID lido:source="AAT" lido:type="local">aat25945</lido:conceptID>
        <lido:term>children</lido:term>
       </lido:subjectConcept>
      
     </lido:subject>
     </lido:subjectSet>
     
    <lido:subjectSet> 
    <lido:subject lido:type="iconography">
     
       <lido:subjectConcept>
        <lido:conceptID lido:source="AAT" lido:type="local">aat247598</lido:conceptID>
        <lido:term>boys</lido:term>
       </lido:subjectConcept>
      
     </lido:subject>
     </lido:subjectSet>
     
    <lido:subjectSet> 
    <lido:subject lido:type="iconography">
     
       <lido:subjectConcept>
        <lido:conceptID lido:source="AAT" lido:type="local">aat53687</lido:conceptID>
        <lido:term>thatched</lido:term>
       </lido:subjectConcept>
      
     </lido:subject>
     </lido:subjectSet>
     
    <lido:subjectSet> 
    <lido:subject lido:type="iconography">
     
       <lido:subjectConcept>
        <lido:conceptID lido:source="AAT" lido:type="local">aat248842</lido:conceptID>
        <lido:term>farm buildings</lido:term>
       </lido:subjectConcept>
      
     </lido:subject>
     </lido:subjectSet>
     
    <lido:subjectSet> 
    <lido:subject lido:type="iconography">
     
       <lido:subjectConcept>
        <lido:conceptID lido:source="AAT" lido:type="local">aat132410</lido:conceptID>
        <lido:term>trees</lido:term>
       </lido:subjectConcept>
      
     </lido:subject>
     </lido:subjectSet>
     
    <lido:subjectSet> 
    <lido:subject lido:type="iconography">
     
       <lido:subjectConcept>
        <lido:conceptID lido:source="AAT" lido:type="local">aat15636</lido:conceptID>
        <lido:term>landscape</lido:term>
       </lido:subjectConcept>
      
     </lido:subject>
     </lido:subjectSet>
     
    <lido:subjectSet> 
    <lido:subject lido:type="iconography">
       
       <lido:subjectPlace>
        <lido:place>
         <lido:placeID lido:source="TGN" lido:type="local">tgn0</lido:placeID>
         <lido:namePlaceSet>
          <lido:appellationValue>farm</lido:appellationValue>
         </lido:namePlaceSet>
         <lido:gml>
          <gml:Point>
           <gml:coordinates></gml:coordinates>
          </gml:Point>
         </lido:gml>
        </lido:place>
       </lido:subjectPlace>
      
     </lido:subject>
     </lido:subjectSet>
     
    <lido:subjectSet> 
    <lido:subject lido:type="iconography">
       
       <lido:subjectPlace>
        <lido:place>
         <lido:placeID lido:source="TGN" lido:type="local">tgn0</lido:placeID>
         <lido:namePlaceSet>
          <lido:appellationValue>village</lido:appellationValue>
         </lido:namePlaceSet>
         <lido:gml>
          <gml:Point>
           <gml:coordinates></gml:coordinates>
          </gml:Point>
         </lido:gml>
        </lido:place>
       </lido:subjectPlace>
      
     </lido:subject>
     </lido:subjectSet>
     
    <lido:subjectSet> 
    <lido:subject lido:type="geographicName">
       
       <lido:subjectPlace>
        <lido:place>
         <lido:placeID lido:source="TGN" lido:type="local">tgn1000003</lido:placeID>
         <lido:namePlaceSet>
          <lido:appellationValue>Europe</lido:appellationValue>
         </lido:namePlaceSet>
         <lido:gml>
          <gml:Point>
           <gml:coordinates>0.0000, 0.0000</gml:coordinates>
          </gml:Point>
         </lido:gml>
        </lido:place>
       </lido:subjectPlace>
      
     </lido:subject>
     </lido:subjectSet>
     
    <lido:subjectSet> 
    <lido:subject lido:type="geographicName">
       
       <lido:subjectPlace>
        <lido:place>
         <lido:placeID lido:source="TGN" lido:type="local">tgn7008591</lido:placeID>
         <lido:namePlaceSet>
          <lido:appellationValue>United Kingdom</lido:appellationValue>
         </lido:namePlaceSet>
         <lido:gml>
          <gml:Point>
           <gml:coordinates>54.0000, -4.5000</gml:coordinates>
          </gml:Point>
         </lido:gml>
        </lido:place>
       </lido:subjectPlace>
      
     </lido:subject>
     </lido:subjectSet>
     
    <lido:subjectSet> 
    <lido:subject lido:type="geographicName">
       
       <lido:subjectPlace>
        <lido:place>
         <lido:placeID lido:source="TGN" lido:type="local">tgn7011378</lido:placeID>
         <lido:namePlaceSet>
          <lido:appellationValue>Stratfield Saye</lido:appellationValue>
         </lido:namePlaceSet>
         <lido:gml>
          <gml:Point>
           <gml:coordinates>0.0000, 0.0000</gml:coordinates>
          </gml:Point>
         </lido:gml>
        </lido:place>
       </lido:subjectPlace>
      
     </lido:subject>
     </lido:subjectSet>
     
    <lido:subjectSet> 
    <lido:subject lido:type="geographicName">
       
       <lido:subjectPlace>
        <lido:place>
         <lido:placeID lido:source="TGN" lido:type="local">tgn7002445</lido:placeID>
         <lido:namePlaceSet>
          <lido:appellationValue>England</lido:appellationValue>
         </lido:namePlaceSet>
         <lido:gml>
          <gml:Point>
           <gml:coordinates>53.0000, -2.0000</gml:coordinates>
          </gml:Point>
         </lido:gml>
        </lido:place>
       </lido:subjectPlace>
      
     </lido:subject>
     </lido:subjectSet>
     
    <lido:subjectSet> 
    <lido:subject lido:type="iconography">
     
       <lido:subjectConcept>
        <lido:conceptID lido:source="AAT" lido:type="local">aat-1</lido:conceptID>
        <lido:term>clouds</lido:term>
       </lido:subjectConcept>
      
     </lido:subject>
     </lido:subjectSet>
     
    <lido:subjectSet> 
    <lido:subject lido:type="geographicName">
       
       <lido:subjectPlace>
        <lido:place>
         <lido:placeID lido:source="TGN" lido:type="local">tgn7008139</lido:placeID>
         <lido:namePlaceSet>
          <lido:appellationValue>Hampshire</lido:appellationValue>
         </lido:namePlaceSet>
         <lido:gml>
          <gml:Point>
           <gml:coordinates>51.6600, -1.2500</gml:coordinates>
          </gml:Point>
         </lido:gml>
        </lido:place>
       </lido:subjectPlace>
      
     </lido:subject>
     </lido:subjectSet>
     
    <lido:subjectSet> 
    <lido:subject lido:type="iconography">
     
       <lido:subjectConcept>
        <lido:conceptID lido:source="AAT" lido:type="local">aat-1</lido:conceptID>
        <lido:term>mares</lido:term>
       </lido:subjectConcept>
      
     </lido:subject>
     </lido:subjectSet>
     
    <lido:subjectSet> 
    <lido:subject lido:type="iconography">
     
       <lido:subjectConcept>
        <lido:conceptID lido:source="AAT" lido:type="local">aat-1</lido:conceptID>
        <lido:term>animals</lido:term>
       </lido:subjectConcept>
      
     </lido:subject>
     </lido:subjectSet>
     
    <lido:subjectSet> 
    <lido:subject lido:type="iconography">
     
       <lido:subjectConcept>
        <lido:conceptID lido:source="AAT" lido:type="local">aat-1</lido:conceptID>
        <lido:term>dogs (animals)</lido:term>
       </lido:subjectConcept>
      
     </lido:subject>
     </lido:subjectSet>
     
    <lido:subjectSet> 
    <lido:subject lido:type="iconography">
     
       <lido:subjectConcept>
        <lido:conceptID lido:source="AAT" lido:type="local">aat-1</lido:conceptID>
        <lido:term>foals</lido:term>
       </lido:subjectConcept>
      
     </lido:subject>
     </lido:subjectSet>
     
    <lido:subjectSet> 
    <lido:subject lido:type="iconography">
     
       <lido:subjectConcept>
        <lido:conceptID lido:source="AAT" lido:type="local">aat-1</lido:conceptID>
        <lido:term>horses (animals)</lido:term>
       </lido:subjectConcept>
      
     </lido:subject>
     </lido:subjectSet>
    
            </lido:subjectWrap>
 
    
   
  </lido:objectRelationWrap>
  
 </lido:descriptiveMetadata>
 
 
 
 <lido:administrativeMetadata xml:lang="eng">
        <lido:rightsWorkWrap>
            <lido:rightsWorkSet>
    <lido:rightsType>
     <lido:conceptID lido:type="object copyright">public domain</lido:conceptID>
     <lido:term></lido:term>
 
        </lido:rightsType>
        
        <lido:rightsHolder>
            <lido:legalBodyID lido:type=""></lido:legalBodyID>
            <lido:legalBodyName>
                <lido:appellationValue>Public Domain</lido:appellationValue>
            </lido:legalBodyName>
            <lido:legalBodyWeblink></lido:legalBodyWeblink>
        </lido:rightsHolder>
                <lido:creditLine>Yale Center for British Art, Paul Mellon Collection</lido:creditLine>
            </lido:rightsWorkSet>
        </lido:rightsWorkWrap>
        
        <lido:recordWrap>
            <lido:recordID lido:type="local">102</lido:recordID>
            
            <lido:recordType>
                <lido:term>Item</lido:term>
  
            </lido:recordType>
            <lido:recordSource>
                <lido:legalBodyID lido:type="boilerplate">Yale Center for British Art</lido:legalBodyID>
                <lido:legalBodyName>
     <lido:appellationValue>Yale Center for British Art</lido:appellationValue>
                </lido:legalBodyName>
    <lido:legalBodyWeblink>http://britishart.yale.edu</lido:legalBodyWeblink>
            </lido:recordSource>
   
   
            <lido:recordInfoSet>
                <lido:recordInfoLink lido:formatResource="html">http://collections.britishart.yale.edu/vufind/Record/1665196</lido:recordInfoLink>
            </lido:recordInfoSet>
            <lido:recordInfoSet>
                <lido:recordInfoID lido:type="YCBA URL">oai:tms.ycba.yale.edu:102</lido:recordInfoID>
            </lido:recordInfoSet>
        </lido:recordWrap>
        <lido:resourceWrap>
            <lido:resourceSet>
    
    
                
    
    <lido:resourceRepresentation lido:type="thumb">
                    <lido:linkResource lido:formatResource="jpg">http://collections.britishart.yale.edu:8080/MediaService/MediaService?system=tms&amp;id=102&amp;size=thumb</lido:linkResource>
                </lido:resourceRepresentation>
    <lido:resourceRepresentation lido:type="large">
                    <lido:linkResource lido:formatResource="jpg">http://collections.britishart.yale.edu:8080/MediaService/MediaService?system=tms&amp;id=102&amp;size=large</lido:linkResource>
                </lido:resourceRepresentation>
    <lido:resourceRepresentation lido:type="list">
                    <lido:linkResource lido:formatResource="jpg">http://collections.britishart.yale.edu:8080/MediaService/MediaService?callback=?&amp;format=json&amp;system=tms&amp;id=102</lido:linkResource>
                </lido:resourceRepresentation>
    <lido:resourceRepresentation lido:type="original">
                    <lido:linkResource lido:formatResource="tif">http://collections.britishart.yale.edu:8080/MediaService/MediaService?system=tms&amp;id=102&amp;size=fullpage</lido:linkResource>
                </lido:resourceRepresentation>
    
    
    
                
    <lido:resourceType>
                    <lido:term>digital image</lido:term>
                </lido:resourceType>
    
                <lido:resourceSource lido:type="holder of image">
                    <lido:legalBodyName>
                        <lido:appellationValue>Yale Center for British Art</lido:appellationValue>
                    </lido:legalBodyName>
                </lido:resourceSource>
                <lido:rightsResource>
                    <lido:rightsHolder>
                        <lido:legalBodyID lido:type="URL">http://britishart.yale.edu/collections/using-collections/image-use</lido:legalBodyID>
                        <lido:legalBodyName>
                            <lido:appellationValue>Yale Center for British Art</lido:appellationValue>
                        </lido:legalBodyName>
                    </lido:rightsHolder>
                </lido:rightsResource>
            </lido:resourceSet>
            
        </lido:resourceWrap>
    </lido:administrativeMetadata>
 
</lido:lido>
</metadata>
</record>
