<record><header><identifier>oai:tms.ycba.yale.edu:117</identifier>
<datestamp>2012-01-23</datestamp>
<setSpec>ycba:ps</setSpec>
</header>
<metadata>
<lido:lido 
 xmlns:lido="http://www.lido-schema.org" 
 xmlns:xsi="http://www.w3.org/2001/XMLSchema-instance" 
 xmlns:gml="http://www.opengis.net/gml"
 xsi:schemaLocation="http://www.lido-schema.org http://www.lido-schema.org/schema/v1.0/lido-v1.0.xsd">
 
    
    <lido:lidoRecID lido:source="Yale Center for British Art" lido:type="local">YCBA/lido-TMS-117</lido:lidoRecID>
 <lido:category> 
  <lido:conceptID lido:type="URI">http://www.cidoc-crm.org/crm-concepts/E22</lido:conceptID>
        <lido:term xml:lang="eng">Man-Made Object</lido:term>
    </lido:category>
 
 
 <lido:descriptiveMetadata xml:lang="eng">
 
  
  <lido:objectClassificationWrap>
  
   <lido:objectWorkTypeWrap> 
    
    <lido:objectWorkType>
     <lido:conceptID lido:type="Object name"/>
     <lido:term>painting</lido:term>
 
    </lido:objectWorkType>
    
    <lido:objectWorkType>
     <lido:conceptID lido:type="Genre"/>
     <lido:term>architectural subject</lido:term>
 
    </lido:objectWorkType>
    
   </lido:objectWorkTypeWrap>
 
   
   <lido:classificationWrap>
   
    <lido:classification lido:type="local">
     <lido:term>Painting</lido:term>
    </lido:classification>
   
   </lido:classificationWrap>
 
  
  </lido:objectClassificationWrap>
  
  
  
  <lido:objectIdentificationWrap>
  
   <lido:titleWrap>
   
    <lido:titleSet lido:type="Repository title"> 
     <lido:appellationValue lido:pref="preferred" xml:lang="eng">Jami Masjid, Delhi</lido:appellationValue>
 
    </lido:titleSet>
    
   </lido:titleWrap>
  
   
   <lido:inscriptionsWrap> 
                <lido:inscriptions lido:type="Inscription">
                    <lido:inscriptionTranscription>No inscription</lido:inscriptionTranscription>
                </lido:inscriptions>
                <lido:inscriptions lido:type="Marks">
                    <lido:inscriptionTranscription></lido:inscriptionTranscription>
                </lido:inscriptions>
    <lido:inscriptions lido:type="Lettering">
                    <lido:inscriptionTranscription></lido:inscriptionTranscription>
                </lido:inscriptions>
                <lido:inscriptions lido:type="Signed and Dated">
                    <lido:inscriptionTranscription>Signed and dated in lower left: "T. DANIELL 1811"</lido:inscriptionTranscription>
                </lido:inscriptions>
            </lido:inscriptionsWrap>
   
            
            <lido:repositoryWrap>
    
                <lido:repositorySet lido:type="current">
                    
                    <lido:repositoryName>
                        <lido:legalBodyName>
                            <lido:appellationValue>Yale Center for British Art</lido:appellationValue>
                        </lido:legalBodyName>
                    </lido:repositoryName>
                    <lido:workID lido:type="inventory number">B1973.1.11</lido:workID>
     
                    
                 <lido:repositoryLocation>
    
     
     
     
      <lido:partOfPlace>
       <lido:namePlaceSet>
        <lido:appellationValue lido:label="UnitType">Bay G</lido:appellationValue>
  
       </lido:namePlaceSet>
       <lido:gml>            
        <gml:Point>
         <gml:coordinates></gml:coordinates>
        </gml:Point>
       </lido:gml>
      </lido:partOfPlace>
     
      <lido:partOfPlace>
       <lido:namePlaceSet>
        <lido:appellationValue lido:label="SubSite">408</lido:appellationValue>
  
       </lido:namePlaceSet>
       <lido:gml>            
        <gml:Point>
         <gml:coordinates></gml:coordinates>
        </gml:Point>
       </lido:gml>
      </lido:partOfPlace>
      
      <lido:partOfPlace>
       <lido:namePlaceSet>
        <lido:appellationValue lido:label="Site">YCBA</lido:appellationValue>
  
       </lido:namePlaceSet>
       <lido:gml>            
        <gml:Point>
         <gml:coordinates></gml:coordinates>
        </gml:Point>
       </lido:gml>
      </lido:partOfPlace>
       
       
      <lido:partOfPlace>
       <lido:placeID lido:source="TGN" lido:type="Geo location">tgn7014210</lido:placeID>
       <lido:namePlaceSet>
        <lido:appellationValue>New Haven</lido:appellationValue>
           
       </lido:namePlaceSet>
       <lido:gml>            
        <gml:Point>
         <gml:coordinates>41.3000, -72.9160</gml:coordinates>
        </gml:Point>
       </lido:gml>
      </lido:partOfPlace>
   
                    </lido:repositoryLocation>
    
                </lido:repositorySet>
    
       </lido:repositoryWrap>
   
            <lido:displayStateEditionWrap>
    
    
    
            </lido:displayStateEditionWrap>
           <lido:objectDescriptionWrap> 
    <lido:objectDescriptionSet>     
   
     </lido:objectDescriptionSet>
   </lido:objectDescriptionWrap>
   
   
            <lido:objectMeasurementsWrap>
    
                <lido:objectMeasurementsSet>
                    <lido:displayObjectMeasurements>40 x 54 inches (101.6 x 137.2 cm)</lido:displayObjectMeasurements>
     <lido:objectMeasurements>
     
      <lido:measurementsSet>
       <lido:measurementType>width</lido:measurementType>
       <lido:measurementUnit> cm</lido:measurementUnit>
  
            
       <lido:measurementValue>137.2</lido:measurementValue>
      </lido:measurementsSet>
     
      <lido:measurementsSet>
       <lido:measurementType>height</lido:measurementType>
       <lido:measurementUnit> cm</lido:measurementUnit>
  
            
       <lido:measurementValue>101.6</lido:measurementValue>
      </lido:measurementsSet>
     
      <lido:extentMeasurements>Support (PTG)</lido:extentMeasurements>
                                   
      <lido:qualifierMeasurements></lido:qualifierMeasurements>
 
      
     
     
     </lido:objectMeasurements>
    </lido:objectMeasurementsSet>
            </lido:objectMeasurementsWrap>
   
   
  </lido:objectIdentificationWrap>
  
  
  <lido:eventWrap>
   <lido:eventSet>
    <lido:event>
     <lido:eventType>
      <lido:term>creation</lido:term>
                    </lido:eventType>
     
     <lido:eventActor>
     
     
                        
      
       
       
      
       
        <lido:displayActorInRole>Thomas Daniell, 1749-1840, British, active in India</lido:displayActorInRole>
       
       
       
       
                           
      
     
       
      
     
      <lido:actorInRole>
                            <lido:actor lido:type="personalName"> 
                   <lido:actorID lido:source="Oxford Dictionary of National Biography" lido:type="local">
        </lido:actorID>
  
           
                        
       <lido:nameActorSet>
                  
                                    <lido:appellationValue lido:pref="alternate">Thomas Daniel</lido:appellationValue>
                  
                                    <lido:appellationValue lido:pref="alternate">Thomas Daniels</lido:appellationValue>
                  
                                    <lido:appellationValue lido:pref="alternate">Thomas Daniel Esq. R. A.</lido:appellationValue>
                  
                                    <lido:appellationValue lido:pref="preferred">Thomas Daniell</lido:appellationValue>
        
       </lido:nameActorSet>
        
        
        
                                <lido:nationalityActor>
                                    <lido:term>British, active in India</lido:term>
                                </lido:nationalityActor>
        
                                <lido:vitalDatesActor>
                                    <lido:earliestDate lido:type="estimatedDate">1749</lido:earliestDate>
                                    <lido:latestDate lido:type="estimatedDate">1840</lido:latestDate>
                                </lido:vitalDatesActor>
          
                                <lido:genderActor>male</lido:genderActor>
        
 
                            </lido:actor>
      
        
       <lido:roleActor>
        <lido:conceptID lido:type="object related role"></lido:conceptID>
        <lido:term>Artist</lido:term>
       </lido:roleActor>
       
       
        
       <lido:roleActor>
        <lido:conceptID lido:source="AAT" lido:type="Life role">aat25165</lido:conceptID>
        <lido:term>engraver (printmaker)</lido:term>
       </lido:roleActor>
        
       <lido:roleActor>
        <lido:conceptID lido:source="AAT" lido:type="Life role">aat25164</lido:conceptID>
        <lido:term>printmaker</lido:term>
       </lido:roleActor>
        
       <lido:roleActor>
        <lido:conceptID lido:source="AAT" lido:type="Life role">aat112172</lido:conceptID>
        <lido:term>draftsman (artist)</lido:term>
       </lido:roleActor>
        
       <lido:roleActor>
        <lido:conceptID lido:source="AAT" lido:type="Life role">aat249564</lido:conceptID>
        <lido:term>aquatinter</lido:term>
       </lido:roleActor>
        
       <lido:roleActor>
        <lido:conceptID lido:source="AAT" lido:type="Life role">aat25136</lido:conceptID>
        <lido:term>painter</lido:term>
       </lido:roleActor>
        
       <lido:roleActor>
        <lido:conceptID lido:source="AAT" lido:type="Life role">aat-1</lido:conceptID>
        <lido:term>landscape painter</lido:term>
       </lido:roleActor>
      
      
      
       <lido:attributionQualifierActor></lido:attributionQualifierActor>
 
      
      
       <lido:extentActor></lido:extentActor>
 
       
       
      </lido:actorInRole>
     </lido:eventActor>
            
        
        
     
     <lido:culture>
     
      <lido:term>British</lido:term>
                    
     </lido:culture>
      
     
   
     
                    <lido:eventDate>
                        <lido:displayDate>1811</lido:displayDate>
                        <lido:date>
                            <lido:earliestDate>1806</lido:earliestDate>
                            <lido:latestDate>1816</lido:latestDate>
                        </lido:date>
                    </lido:eventDate>
                    
                    <lido:periodName>
                        <lido:term>19th century</lido:term>
 
                    </lido:periodName>
     
       
           
     
     <lido:eventPlace lido:type="Birth place"> 
      <lido:displayPlace>Kingston upon Thames</lido:displayPlace>
       <lido:place>
       <lido:namePlaceSet> 
         <lido:appellationValue>Kingston upon Thames</lido:appellationValue>
       </lido:namePlaceSet>
      
       <lido:gml> 
                               <gml:Point> 
                                    <gml:coordinates>51.4160, -0.3000</gml:coordinates>
 
                                </gml:Point>
 
                            </lido:gml>
 
       
       <lido:placeClassification>
                                <lido:conceptID lido:source="TGN" lido:type="Birth place">tgn7011969</lido:conceptID>
                            </lido:placeClassification>
       
       </lido:place>
      </lido:eventPlace>
     
     <lido:eventPlace lido:type="Death place"> 
      <lido:displayPlace>Kensington</lido:displayPlace>
       <lido:place>
       <lido:namePlaceSet> 
         <lido:appellationValue>Kensington</lido:appellationValue>
       </lido:namePlaceSet>
      
       <lido:gml> 
                               <gml:Point> 
                                    <gml:coordinates>51.5000, -0.1830</gml:coordinates>
 
                                </gml:Point>
 
                            </lido:gml>
 
       
       <lido:placeClassification>
                                <lido:conceptID lido:source="TGN" lido:type="Death place">tgn4012698</lido:conceptID>
                            </lido:placeClassification>
       
       </lido:place>
      </lido:eventPlace>
     
     <lido:eventPlace lido:type="Place of Activity"> 
      <lido:displayPlace>India</lido:displayPlace>
       <lido:place>
       <lido:namePlaceSet> 
         <lido:appellationValue>India</lido:appellationValue>
       </lido:namePlaceSet>
      
       <lido:gml> 
                               <gml:Point> 
                                    <gml:coordinates>20.0000, 77.0000</gml:coordinates>
 
                                </gml:Point>
 
                            </lido:gml>
 
       
       <lido:placeClassification>
                                <lido:conceptID lido:source="TGN" lido:type="Place of Activity">tgn7000208</lido:conceptID>
                            </lido:placeClassification>
       
       </lido:place>
      </lido:eventPlace>
     
     
                      
                    <lido:eventMaterialsTech>
                        <lido:displayMaterialsTech>Oil on canvas</lido:displayMaterialsTech>
      
     <lido:materialsTech>
       
      
                            <lido:termMaterialsTech>
                                <lido:conceptID lido:type="medium" lido:source="AAT">aat15050</lido:conceptID>
                                <lido:term>oil paint</lido:term>
                            </lido:termMaterialsTech>
 
      
       
      
                            <lido:termMaterialsTech>
                                <lido:conceptID lido:type="support" lido:source="AAT">aat14078</lido:conceptID>
                                <lido:term>canvas</lido:term>
                            </lido:termMaterialsTech>
 
      
       
      </lido:materialsTech>
                    </lido:eventMaterialsTech>
     
    </lido:event>
            </lido:eventSet>
   
   
   
   
   
            
   
            <lido:eventSet>
            
    <lido:displayEvent>Morna O'Neill, Company culture, British artists and the East India Company 1770-1830 : October 16, 2003-January 11, 2004., Yale Center for British Art, New Haven, 2003, no. 27, V 1199  (YCBA)  </lido:displayEvent>
    
       
                <lido:event>
                   <lido:eventType>
                       <lido:term>publication</lido:term>
                   </lido:eventType>
                </lido:event>
            </lido:eventSet>
 
  
            
            <lido:eventSet>      
     
    <lido:displayEvent>Imaginative Geographies, 2006</lido:displayEvent>
     
    <lido:displayEvent>Company Culture, September 16, 2003-January 11, 2004</lido:displayEvent>
     
    <lido:event>
     <lido:eventType> 
      <lido:term>exhibition history</lido:term>
 
     </lido:eventType>
                </lido:event>
            </lido:eventSet>
   
            
   
            <lido:eventSet>
       
            </lido:eventSet>
  </lido:eventWrap>
  
    
        <lido:objectRelationWrap>
  
  
  
            <lido:subjectWrap>
     
    <lido:subjectSet> 
    <lido:subject lido:type="iconography">
     
       <lido:subjectConcept>
        <lido:conceptID lido:source="AAT" lido:type="local">aat56028</lido:conceptID>
        <lido:term>sunlight</lido:term>
       </lido:subjectConcept>
      
     </lido:subject>
     </lido:subjectSet>
     
    <lido:subjectSet> 
    <lido:subject lido:type="iconography">
     
       <lido:subjectConcept>
        <lido:conceptID lido:source="AAT" lido:type="local">aat24979</lido:conceptID>
        <lido:term>people</lido:term>
       </lido:subjectConcept>
      
     </lido:subject>
     </lido:subjectSet>
     
    <lido:subjectSet> 
    <lido:subject lido:type="iconography">
     
       <lido:subjectConcept>
        <lido:conceptID lido:source="AAT" lido:type="local">aat54156</lido:conceptID>
        <lido:term>architecture</lido:term>
       </lido:subjectConcept>
      
     </lido:subject>
     </lido:subjectSet>
     
    <lido:subjectSet> 
    <lido:subject lido:type="iconography">
     
       <lido:subjectConcept>
        <lido:conceptID lido:source="AAT" lido:type="local">aat54300</lido:conceptID>
        <lido:term>religion</lido:term>
       </lido:subjectConcept>
      
     </lido:subject>
     </lido:subjectSet>
     
    <lido:subjectSet> 
    <lido:subject lido:type="iconography">
     
       <lido:subjectConcept>
        <lido:conceptID lido:source="AAT" lido:type="local">aat7551</lido:conceptID>
        <lido:term>jami</lido:term>
       </lido:subjectConcept>
      
     </lido:subject>
     </lido:subjectSet>
     
    <lido:subjectSet> 
    <lido:subject lido:type="iconography">
     
       <lido:subjectConcept>
        <lido:conceptID lido:source="AAT" lido:type="local">aat127069</lido:conceptID>
        <lido:term>masjid</lido:term>
       </lido:subjectConcept>
      
     </lido:subject>
     </lido:subjectSet>
     
    <lido:subjectSet> 
    <lido:subject lido:type="iconography">
     
       <lido:subjectConcept>
        <lido:conceptID lido:source="AAT" lido:type="local">aat5734</lido:conceptID>
        <lido:term>palace</lido:term>
       </lido:subjectConcept>
      
     </lido:subject>
     </lido:subjectSet>
     
    <lido:subjectSet> 
    <lido:subject lido:type="iconography">
     
       <lido:subjectConcept>
        <lido:conceptID lido:source="AAT" lido:type="local">aat212695</lido:conceptID>
        <lido:term>cart</lido:term>
       </lido:subjectConcept>
      
     </lido:subject>
     </lido:subjectSet>
     
    <lido:subjectSet> 
    <lido:subject lido:type="iconography">
     
       <lido:subjectConcept>
        <lido:conceptID lido:source="AAT" lido:type="local">aat46127</lido:conceptID>
        <lido:term>turbans</lido:term>
       </lido:subjectConcept>
      
     </lido:subject>
     </lido:subjectSet>
     
    <lido:subjectSet> 
    <lido:subject lido:type="iconography">
     
       <lido:subjectConcept>
        <lido:conceptID lido:source="AAT" lido:type="local">aat15571</lido:conceptID>
        <lido:term>cityscape</lido:term>
       </lido:subjectConcept>
      
     </lido:subject>
     </lido:subjectSet>
     
    <lido:subjectSet> 
    <lido:subject lido:type="iconography">
     
       <lido:subjectConcept>
        <lido:conceptID lido:source="AAT" lido:type="local">aat185335</lido:conceptID>
        <lido:term>carriage</lido:term>
       </lido:subjectConcept>
      
     </lido:subject>
     </lido:subjectSet>
     
    <lido:subjectSet> 
    <lido:subject lido:type="iconography">
       
       <lido:subjectPlace>
        <lido:place>
         <lido:placeID lido:source="TGN" lido:type="local">tgn0</lido:placeID>
         <lido:namePlaceSet>
          <lido:appellationValue>road</lido:appellationValue>
         </lido:namePlaceSet>
         <lido:gml>
          <gml:Point>
           <gml:coordinates></gml:coordinates>
          </gml:Point>
         </lido:gml>
        </lido:place>
       </lido:subjectPlace>
      
     </lido:subject>
     </lido:subjectSet>
     
    <lido:subjectSet> 
    <lido:subject lido:type="iconography">
     
       <lido:subjectConcept>
        <lido:conceptID lido:source="AAT" lido:type="local">aat15636</lido:conceptID>
        <lido:term>landscape</lido:term>
       </lido:subjectConcept>
      
     </lido:subject>
     </lido:subjectSet>
     
    <lido:subjectSet> 
    <lido:subject lido:type="iconography">
       
       <lido:subjectPlace>
        <lido:place>
         <lido:placeID lido:source="TGN" lido:type="local">tgn0</lido:placeID>
         <lido:namePlaceSet>
          <lido:appellationValue>mosque</lido:appellationValue>
         </lido:namePlaceSet>
         <lido:gml>
          <gml:Point>
           <gml:coordinates></gml:coordinates>
          </gml:Point>
         </lido:gml>
        </lido:place>
       </lido:subjectPlace>
      
     </lido:subject>
     </lido:subjectSet>
     
    <lido:subjectSet> 
    <lido:subject lido:type="geographicName">
       
       <lido:subjectPlace>
        <lido:place>
         <lido:placeID lido:source="TGN" lido:type="local">tgn7000198</lido:placeID>
         <lido:namePlaceSet>
          <lido:appellationValue>Bharat</lido:appellationValue>
         </lido:namePlaceSet>
         <lido:gml>
          <gml:Point>
           <gml:coordinates>20.0000, 77.0000</gml:coordinates>
          </gml:Point>
         </lido:gml>
        </lido:place>
       </lido:subjectPlace>
      
     </lido:subject>
     </lido:subjectSet>
     
    <lido:subjectSet> 
    <lido:subject lido:type="geographicName">
       
       <lido:subjectPlace>
        <lido:place>
         <lido:placeID lido:source="TGN" lido:type="local">tgn7000198</lido:placeID>
         <lido:namePlaceSet>
          <lido:appellationValue>India</lido:appellationValue>
         </lido:namePlaceSet>
         <lido:gml>
          <gml:Point>
           <gml:coordinates>20.0000, 77.0000</gml:coordinates>
          </gml:Point>
         </lido:gml>
        </lido:place>
       </lido:subjectPlace>
      
     </lido:subject>
     </lido:subjectSet>
     
    <lido:subjectSet> 
    <lido:subject lido:type="iconography">
     
       <lido:subjectConcept>
        <lido:conceptID lido:source="AAT" lido:type="local">aat-1</lido:conceptID>
        <lido:term>clouds</lido:term>
       </lido:subjectConcept>
      
     </lido:subject>
     </lido:subjectSet>
     
    <lido:subjectSet> 
    <lido:subject lido:type="geographicName">
       
       <lido:subjectPlace>
        <lido:place>
         <lido:placeID lido:source="TGN" lido:type="local">tgn1000004</lido:placeID>
         <lido:namePlaceSet>
          <lido:appellationValue>Asia</lido:appellationValue>
         </lido:namePlaceSet>
         <lido:gml>
          <gml:Point>
           <gml:coordinates>0.0000, 0.0000</gml:coordinates>
          </gml:Point>
         </lido:gml>
        </lido:place>
       </lido:subjectPlace>
      
     </lido:subject>
     </lido:subjectSet>
     
    <lido:subjectSet> 
    <lido:subject lido:type="geographicName">
       
       <lido:subjectPlace>
        <lido:place>
         <lido:placeID lido:source="TGN" lido:type="local">tgn7001535</lido:placeID>
         <lido:namePlaceSet>
          <lido:appellationValue>Delhi</lido:appellationValue>
         </lido:namePlaceSet>
         <lido:gml>
          <gml:Point>
           <gml:coordinates>28.6660, 77.2160</gml:coordinates>
          </gml:Point>
         </lido:gml>
        </lido:place>
       </lido:subjectPlace>
      
     </lido:subject>
     </lido:subjectSet>
     
    <lido:subjectSet> 
    <lido:subject lido:type="iconography">
     
       <lido:subjectConcept>
        <lido:conceptID lido:source="AUT" lido:type="local">aut239154</lido:conceptID>
        <lido:term>Islam</lido:term>
       </lido:subjectConcept>
      
     </lido:subject>
     </lido:subjectSet>
     
    <lido:subjectSet> 
    <lido:subject lido:type="iconography">
     
       <lido:subjectConcept>
        <lido:conceptID lido:source="AAT" lido:type="local">aat-1</lido:conceptID>
        <lido:term>architectural subject</lido:term>
       </lido:subjectConcept>
      
     </lido:subject>
     </lido:subjectSet>
     
    <lido:subjectSet> 
    <lido:subject lido:type="iconography">
     
       <lido:subjectConcept>
        <lido:conceptID lido:source="AAT" lido:type="local">aat-1</lido:conceptID>
        <lido:term>palm trees</lido:term>
       </lido:subjectConcept>
      
     </lido:subject>
     </lido:subjectSet>
     
    <lido:subjectSet> 
    <lido:subject lido:type="iconography">
     
       <lido:subjectConcept>
        <lido:conceptID lido:source="AAT" lido:type="local">aat-1</lido:conceptID>
        <lido:term>oxen</lido:term>
       </lido:subjectConcept>
      
     </lido:subject>
     </lido:subjectSet>
    
            </lido:subjectWrap>
 
    
   
  </lido:objectRelationWrap>
  
 </lido:descriptiveMetadata>
 
 
 
 <lido:administrativeMetadata xml:lang="eng">
        <lido:rightsWorkWrap>
            <lido:rightsWorkSet>
    <lido:rightsType>
     <lido:conceptID lido:type="object copyright">public domain</lido:conceptID>
     <lido:term></lido:term>
 
        </lido:rightsType>
        
        <lido:rightsHolder>
            <lido:legalBodyID lido:type=""></lido:legalBodyID>
            <lido:legalBodyName>
                <lido:appellationValue>Public Domain</lido:appellationValue>
            </lido:legalBodyName>
            <lido:legalBodyWeblink></lido:legalBodyWeblink>
        </lido:rightsHolder>
                <lido:creditLine>Yale Center for British Art, Paul Mellon Collection</lido:creditLine>
            </lido:rightsWorkSet>
        </lido:rightsWorkWrap>
        
        <lido:recordWrap>
            <lido:recordID lido:type="local">117</lido:recordID>
            
            <lido:recordType>
                <lido:term>Item</lido:term>
  
            </lido:recordType>
            <lido:recordSource>
                <lido:legalBodyID lido:type="boilerplate">Yale Center for British Art</lido:legalBodyID>
                <lido:legalBodyName>
     <lido:appellationValue>Yale Center for British Art</lido:appellationValue>
                </lido:legalBodyName>
    <lido:legalBodyWeblink>http://britishart.yale.edu</lido:legalBodyWeblink>
            </lido:recordSource>
   
   
            <lido:recordInfoSet>
                <lido:recordInfoLink lido:formatResource="html">http://collections.britishart.yale.edu/vufind/Record/1665714</lido:recordInfoLink>
            </lido:recordInfoSet>
            <lido:recordInfoSet>
                <lido:recordInfoID lido:type="YCBA URL">oai:tms.ycba.yale.edu:117</lido:recordInfoID>
            </lido:recordInfoSet>
        </lido:recordWrap>
        <lido:resourceWrap>
            <lido:resourceSet>
    
    
                
    
    <lido:resourceRepresentation lido:type="thumb">
                    <lido:linkResource lido:formatResource="jpg">http://collections.britishart.yale.edu:8080/MediaService/MediaService?system=tms&amp;id=117&amp;size=thumb</lido:linkResource>
                </lido:resourceRepresentation>
    <lido:resourceRepresentation lido:type="large">
                    <lido:linkResource lido:formatResource="jpg">http://collections.britishart.yale.edu:8080/MediaService/MediaService?system=tms&amp;id=117&amp;size=large</lido:linkResource>
                </lido:resourceRepresentation>
    <lido:resourceRepresentation lido:type="list">
                    <lido:linkResource lido:formatResource="jpg">http://collections.britishart.yale.edu:8080/MediaService/MediaService?callback=?&amp;format=json&amp;system=tms&amp;id=117</lido:linkResource>
                </lido:resourceRepresentation>
    <lido:resourceRepresentation lido:type="original">
                    <lido:linkResource lido:formatResource="tif">http://collections.britishart.yale.edu:8080/MediaService/MediaService?system=tms&amp;id=117&amp;size=fullpage</lido:linkResource>
                </lido:resourceRepresentation>
    
    
    
                
    <lido:resourceType>
                    <lido:term>digital image</lido:term>
                </lido:resourceType>
    
                <lido:resourceSource lido:type="holder of image">
                    <lido:legalBodyName>
                        <lido:appellationValue>Yale Center for British Art</lido:appellationValue>
                    </lido:legalBodyName>
                </lido:resourceSource>
                <lido:rightsResource>
                    <lido:rightsHolder>
                        <lido:legalBodyID lido:type="URL">http://britishart.yale.edu/collections/using-collections/image-use</lido:legalBodyID>
                        <lido:legalBodyName>
                            <lido:appellationValue>Yale Center for British Art</lido:appellationValue>
                        </lido:legalBodyName>
                    </lido:rightsHolder>
                </lido:rightsResource>
            </lido:resourceSet>
            
        </lido:resourceWrap>
    </lido:administrativeMetadata>
 
</lido:lido>
</metadata>
</record>
