{"RecordsJson":[{"Record":{"SubjectsWrap":"","EventsWrap":{"Event":"Chelsea\r\n       \r\n      \r\n        \r\n                                \r\n                                    51.4830, -0.1500\r\n \r\n                                \r\n \r\n                            \r\n \r\n       \r\n       \r\n                                tgn4012680"},"TitleWrap":{"Title":{"lido:appellationValue":{"content":"Blue Passion Flower, for the \"Temple of Flora\" by Robert Thornton","xmlns:gml":"http://www.opengis.net/gml","lido:pref":"preferred","xmlns:lido":"http://www.lido-schema.org","xmlns:xsi":"http://www.w3.org/2001/XMLSchema-instance","xml:lang":"eng"}}},"UrlWrap":{"url":{"lido:recordInfoLink":{"content":"http://collections.britishart.yale.edu/vufind/Record/1665154","xmlns:gml":"http://www.opengis.net/gml","lido:formatResource":"html","xmlns:lido":"http://www.lido-schema.org","xmlns:xsi":"http://www.w3.org/2001/XMLSchema-instance"}}}}},{"Record":{"SubjectsWrap":"","EventsWrap":{"Event":"Chelsea\r\n       \r\n      \r\n        \r\n                                \r\n                                    51.4830, -0.1500\r\n \r\n                                \r\n \r\n                            \r\n \r\n       \r\n       \r\n                                tgn4012680"},"TitleWrap":{"Title":{"lido:appellationValue":{"content":"Blue Passion Flower, for the \"Temple of Flora\" by Robert Thornton","xmlns:gml":"http://www.opengis.net/gml","lido:pref":"preferred","xmlns:lido":"http://www.lido-schema.org","xmlns:xsi":"http://www.w3.org/2001/XMLSchema-instance","xml:lang":"eng"}}},"UrlWrap":{"url":{"lido:recordInfoLink":{"content":"http://collections.britishart.yale.edu/vufind/Record/1665154","xmlns:gml":"http://www.opengis.net/gml","lido:formatResource":"html","xmlns:lido":"http://www.lido-schema.org","xmlns:xsi":"http://www.w3.org/2001/XMLSchema-instance"}}}}},{"Record":{"SubjectsWrap":"","EventsWrap":{"Event":"Chelsea\r\n       \r\n      \r\n        \r\n                                \r\n                                    51.4830, -0.1500\r\n \r\n                                \r\n \r\n                            \r\n \r\n       \r\n       \r\n                                tgn4012680"},"TitleWrap":{"Title":{"lido:appellationValue":{"content":"Blue Passion Flower, for the \"Temple of Flora\" by Robert Thornton","xmlns:gml":"http://www.opengis.net/gml","lido:pref":"preferred","xmlns:lido":"http://www.lido-schema.org","xmlns:xsi":"http://www.w3.org/2001/XMLSchema-instance","xml:lang":"eng"}}},"UrlWrap":{"url":{"lido:recordInfoLink":{"content":"http://collections.britishart.yale.edu/vufind/Record/1665154","xmlns:gml":"http://www.opengis.net/gml","lido:formatResource":"html","xmlns:lido":"http://www.lido-schema.org","xmlns:xsi":"http://www.w3.org/2001/XMLSchema-instance"}}}}},{"Record":{"SubjectsWrap":"","EventsWrap":{"Event":"Chelsea\r\n       \r\n      \r\n        \r\n                                \r\n                                    51.4830, -0.1500\r\n \r\n                                \r\n \r\n                            \r\n \r\n       \r\n       \r\n                                tgn4012680"},"TitleWrap":{"Title":{"lido:appellationValue":{"content":"Blue Passion Flower, for the \"Temple of Flora\" by Robert Thornton","xmlns:gml":"http://www.opengis.net/gml","lido:pref":"preferred","xmlns:lido":"http://www.lido-schema.org","xmlns:xsi":"http://www.w3.org/2001/XMLSchema-instance","xml:lang":"eng"}}},"UrlWrap":{"url":{"lido:recordInfoLink":{"content":"http://collections.britishart.yale.edu/vufind/Record/1665154","xmlns:gml":"http://www.opengis.net/gml","lido:formatResource":"html","xmlns:lido":"http://www.lido-schema.org","xmlns:xsi":"http://www.w3.org/2001/XMLSchema-instance"}}}}},{"Record":{"SubjectsWrap":"","EventsWrap":{"Event":"Chelsea\r\n       \r\n      \r\n        \r\n                                \r\n                                    51.4830, -0.1500\r\n \r\n                                \r\n \r\n                            \r\n \r\n       \r\n       \r\n                                tgn4012680"},"TitleWrap":{"Title":{"lido:appellationValue":{"content":"Blue Passion Flower, for the \"Temple of Flora\" by Robert Thornton","xmlns:gml":"http://www.opengis.net/gml","lido:pref":"preferred","xmlns:lido":"http://www.lido-schema.org","xmlns:xsi":"http://www.w3.org/2001/XMLSchema-instance","xml:lang":"eng"}}},"UrlWrap":{"url":{"lido:recordInfoLink":{"content":"http://collections.britishart.yale.edu/vufind/Record/1665154","xmlns:gml":"http://www.opengis.net/gml","lido:formatResource":"html","xmlns:lido":"http://www.lido-schema.org","xmlns:xsi":"http://www.w3.org/2001/XMLSchema-instance"}}}}},]}