<Record>
   <EventsWrap/>
   <SubjectsWrap>
      <Subject>
         <lido:place xmlns:lido="http://www.lido-schema.org"
                     xmlns:xsi="http://www.w3.org/2001/XMLSchema-instance"
                     xmlns:gml="http://www.opengis.net/gml">
            <lido:placeID lido:source="TGN" lido:type="local">tgn0</lido:placeID>
            <lido:namePlaceSet>
               <lido:appellationValue>Tudor</lido:appellationValue>
            </lido:namePlaceSet>
            <lido:gml>
               <gml:Point>
                  <gml:coordinates/>
               </gml:Point>
            </lido:gml>
        </lido:place>
      </Subject>
      <Subject>
         <lido:place xmlns:lido="http://www.lido-schema.org"
                     xmlns:xsi="http://www.w3.org/2001/XMLSchema-instance"
                     xmlns:gml="http://www.opengis.net/gml">
            <lido:placeID lido:source="TGN" lido:type="local">tgn0</lido:placeID>
            <lido:namePlaceSet>
               <lido:appellationValue>family</lido:appellationValue>
            </lido:namePlaceSet>
            <lido:gml>
               <gml:Point>
                  <gml:coordinates/>
               </gml:Point>
            </lido:gml>
        </lido:place>
      </Subject>
   </SubjectsWrap>
   <UrlWrap>
      <url>
         <lido:recordInfoLink xmlns:lido="http://www.lido-schema.org"
                              xmlns:xsi="http://www.w3.org/2001/XMLSchema-instance"
                              xmlns:gml="http://www.opengis.net/gml"
                              lido:formatResource="html">http://collections.britishart.yale.edu/vufind/Record/1666690</lido:recordInfoLink>
      </url>
   </UrlWrap>
   <TitleWrap>
      <Title>
         <lido:appellationValue xmlns:lido="http://www.lido-schema.org"
                                xmlns:xsi="http://www.w3.org/2001/XMLSchema-instance"
                                xmlns:gml="http://www.opengis.net/gml"
                                lido:pref="preferred"
                                xml:lang="eng">An Allegory of the Tudor Succession: The Family of Henry VIII</lido:appellationValue>
      </Title>
      <Title>
         <lido:appellationValue xmlns:lido="http://www.lido-schema.org"
                                xmlns:xsi="http://www.w3.org/2001/XMLSchema-instance"
                                xmlns:gml="http://www.opengis.net/gml"
                                lido:pref="alternate"
                                xml:lang="eng">Allegory of the Tudor Succession (The Family of Henry VIII)</lido:appellationValue>
      </Title>
   </TitleWrap>
</Record>